"Stars","Title","Entry ID","Entry Name","Date Added","Date Modified","PDB TITLE","PDB ID","PDB CRYST1 a","PDB CRYST1 b","PDB CRYST1 c","PDB CRYST1 alpha","PDB CRYST1 beta","PDB CRYST1 gamma","PDB CRYST1 Space Group","PDB CRYST1 z","PDB CLASSIFICATION","PDB DEPOSITION DATE","PDB format version","PDB R","PDB Rfree","PDB RESOLUTION","PDB EXPDTA","PDB EXPDTA TEMPERATURE","PDB EXPDTA PH","PDB REMARK 350 Biomolecule 1 Transform 1 Chains","PDB REMARK 350 Biomolecule 1 Transform 1 Matrix 1","Source Path","Source File","Source File Index","prepared","prepared with version","created disulfur","preprocess pH","het states","Job Name","Potential Energy-S-OPLS","RMS Derivative-S-OPLS","Max Derivative-S-OPLS","Stretch Energy-S-OPLS","Bend Energy-S-OPLS","LJ-14 Energy-S-OPLS","El-14 Energy-S-OPLS","Van der Waals Energy-S-OPLS","Electrostatic Energy-S-OPLS","Dihedral Energy-S-OPLS","target temperature","OPENEYE_ISO_SMILES","OPENEYE_INCHI","OPENEYE_INCHIKEY","FORMULA","chiral flag","version","source file","source file index","mmshare version","input","cmdline","tautomer probability","Ionization Penalty","Ionization Penalty Charging","Ionization Penalty Neutral","State Penalty","Charging Adjusted Penalty","Tot Q","Tot abs Q","flags","Force Field","Energy","Chiralities Consistent","Variant","grid version","gridbox xcent","gridbox ycent","gridbox zcent","gridbox xrange","gridbox yrange","gridbox zrange","gridbox ligxrange","gridbox ligyrange","gridbox ligzrange","grid type","receptor","glide gridfile","glide lignum","glide rotatable bonds","docking score","glide ligand efficiency","glide ligand efficiency sa","glide ligand efficiency ln","glide gscore","glide lipo","glide hbond","glide metal","glide rewards","glide evdw","glide ecoul","glide erotb","glide esite","glide emodel","glide energy","glide einternal","glide confnum","glide posenum","glide eff state penalty","XP GScore","XP HBond","XP PoseRank","Mark","PDB REMARK 350 Biomolecule 2 Transform 1 Chains","PDB REMARK 350 Biomolecule 2 Transform 1 Matrix 1"
,"2RGP","1","2rgp.1","15 Nov 13:36","15 Nov 13:43","STRUCTURE OF EGFR IN COMPLEX WITH HYDRAZONE, A POTENT DUAL INHIBITOR","2RGP",45.850,68.030,103.860,90.000,90.000,90.000,"P 21 21 21",4,"TRANSFERASE","04-OCT-07","3.30",0.228,0.268,2.000,"X-RAY DIFFRACTION",200.000,9.000,"A","1.000000 0.000000 0.000000   0.000000;0.000000 1.000000 0.000000   0.000000;0.000000 0.000000 1.000000   0.000000","/Users/vishnu","2rgp.pdb",1,,"",,,"","",,,,,,,,,,,,"","","","",,,"",,,"","",,,,,,,,,,"",,,"",,,,,,,,,,,"",,"",,,,,,,,,,,,,,,,,,,,,,,,,,"",""
,"2RGP - with-deletions","3","2rgp.1","15 Nov 13:37","16 Nov 14:06","STRUCTURE OF EGFR IN COMPLEX WITH HYDRAZONE, A POTENT DUAL INHIBITOR","2RGP",45.850,68.030,103.860,90.000,90.000,90.000,"P 21 21 21",4,"TRANSFERASE","04-OCT-07","3.30",0.228,0.268,2.000,"X-RAY DIFFRACTION",200.000,9.000,"A","1.000000 0.000000 0.000000   0.000000;0.000000 1.000000 0.000000   0.000000;0.000000 0.000000 1.000000   0.000000","/Users/vishnu","2rgp.pdb",1,,"",,,"","",,,,,,,,,,,,"","","","",,,"",,,"","",,,,,,,,,,"",,,"",,,,,,,,,,,"",,"",,,,,,,,,,,,,,,,,,,,,,,,,,"",""
,"2RGP - prepared","2","2rgp.1","15 Nov 13:37","16 Nov 14:06","STRUCTURE OF EGFR IN COMPLEX WITH HYDRAZONE, A POTENT DUAL INHIBITOR","2RGP",45.850,68.030,103.860,90.000,90.000,90.000,"P 21 21 21",4,"TRANSFERASE","04-OCT-07","3.30",0.228,0.268,2.000,"X-RAY DIFFRACTION",200.000,9.000,"A","1.000000 0.000000 0.000000   0.000000;0.000000 1.000000 0.000000   0.000000;0.000000 0.000000 1.000000   0.000000","/Users/vishnu/proteinprep_1","proteinprep_1-out.maegz",1,true,"2023-3",true,7.400,"eJztWMtu4zAM/BUj56xBUpZk9VeKHvbQnoJeFnsK+u+rh+VRjaZI27i1scwhoCaUZ0TKYznnAx/uuvv4ERnDsaOHYxfDQAj52P3iKZYmNjlOg2lumSbl5wmIk/kVIEvAJCAitic7xMH55dg9/z2d6vfT79Ofx8zyrkRaXyH1zpP9tMK2iLR5hW0RaTMKafUSSu9GexOBK1XwiwIv7MJvExgTDjJbThigwiJ0jU7fxGPb6zS3TJuUToCbhU2AXwLjRyznskRaX+FVt8t1RaTNK2yLSJtRSKuX8Ko7+sPb8IYV/KLAC7vw2wQmyzGwnNkaDRFCRigIDcIBoUXoEHqEI0KwMdgYbAw2BhuDjcHGYGOwMdgYbAI2AZuATcAmYBOwCdgEbAI2AZsBm+G2tenRkOtcW5uBJI7Rg1L+CnAC0qIE/SglqxmmZrwCRAAM+aJ2AaQl14vanOGQkQEmZLic4RdAy+JzRqNjzEDAlFAvyi2Q6s3YCWUTSAsIpHNZvlkAAulclh8A5NWyXQIeQF6tgTB2bwOoOvslkFfLDe3cW8EeLNuPsf1KGyowLNYiWZig+1KqjjbkMGfUKQHSI8LxoZ5OK+eD2HjTc8/DaNOhw08jlwYhD2gw/K6nqVd8yitqZ9Qr1Cu27BXSk/gwe4X0zH6oXlFGag96lFB7+D/tQY8S6hXqFeoV6hX78Ap97VCv2INX6GuH2oPag9qD2oPag9qD2oPaww7sQf+IUHvYgz3oHxE/7xV6lFCv2INX6FHiR+xBjxJqD3uwh5scJR5e/gHXv5AZ","proteinprep_1",,,,,,,,,,,,"","","","",,,"",,,"","",,,,,,,,,,"",,,"",,,,,,,,,,,"",,"",,,,,,,,,,,,,,,,,,,,,,,,,,"",""
,"2RGP - prepared","4","2rgp.1","15 Nov 13:39","16 Nov 14:06","STRUCTURE OF EGFR IN COMPLEX WITH HYDRAZONE, A POTENT DUAL INHIBITOR","2RGP",45.850,68.030,103.860,90.000,90.000,90.000,"P 21 21 21",4,"TRANSFERASE","04-OCT-07","3.30",0.228,0.268,2.000,"X-RAY DIFFRACTION",200.000,9.000,"A","1.000000 0.000000 0.000000   0.000000;0.000000 1.000000 0.000000   0.000000;0.000000 0.000000 1.000000   0.000000","/Users/vishnu/proteinprep_2","proteinprep_2-out.maegz",1,,"",,,"","proteinprep_2",,,,,,,,,,,,"","","","",,,"",,,"","",,,,,,,,,,"",,,"",,,,,,,,,,,"",,"",,,,,,,,,,,,,,,,,,,,,,,,,,"",""
,"2RGP - prepared","5","2rgp.1","15 Nov 13:41","16 Nov 14:06","STRUCTURE OF EGFR IN COMPLEX WITH HYDRAZONE, A POTENT DUAL INHIBITOR","2RGP",45.850,68.030,103.860,90.000,90.000,90.000,"P 21 21 21",4,"TRANSFERASE","04-OCT-07","3.30",0.228,0.268,2.000,"X-RAY DIFFRACTION",200.000,9.000,"A","1.000000 0.000000 0.000000   0.000000;0.000000 1.000000 0.000000   0.000000;0.000000 0.000000 1.000000   0.000000","/Users/vishnu/proteinprep_3","proteinprep_3-out.maegz",1,,"",,,"","proteinprep_3",-7355.846,0.074,2.379,12.507,251.790,454.042,-325.568,-525.103,-7295.682,72.168,298.000,"","","","",,,"",,,"","",,,,,,,,,,"",,,"",,,,,,,,,,,"",,"",,,,,,,,,,,,,,,,,,,,,,,,,,"",""
0,"Structure6","6","Structure6","15 Nov 13:36","16 Nov 14:06","STRUCTURE OF EGFR IN COMPLEX WITH HYDRAZONE, A POTENT DUAL INHIBITOR","2RGP",45.850,68.030,103.860,90.000,90.000,90.000,"P 21 21 21",4,"TRANSFERASE","04-OCT-07","3.30",0.228,0.268,2.000,"X-RAY DIFFRACTION",200.000,9.000,"A","1.000000 0.000000 0.000000   0.000000;0.000000 1.000000 0.000000   0.000000;0.000000 0.000000 1.000000   0.000000","/Users/vishnu","2rgp.pdb",1,,"",,,"","",,,,,,,,,,,,"","","","",,,"",,,"","",,,,,,,,,,"",,,"",,,,,,,,,,,"",,"",,,,,,,,,,,,,,,,,,,,,,,,,,"",""
,"AQ4 - Erlotinib","8","AQ4_model.1","15 Nov 13:47","17 Nov 13:25","","",,,,,,,"",,"","","",,,,"",,,"","","/Users/vishnu/Downloads","AQ4_model.sdf",1,,"",,,"","",,,,,,,,,,,,"COCCOc1cc2c(cc1OCCOC)ncnc2Nc3cccc(c3)C#C","InChI=1S/C22H23N3O4/c1-4-16-6-5-7-17(12-16)25-22-18-13-20(28-10-8-26-2)21(29-11-9-27-3)14-19(18)23-15-24-22/h1,5-7,12-15H,8-11H2,2-3H3,(H,23,24,25)","AAKJLRGGTJKAMG-UHFFFAOYSA-N","C22H23N3O4",false,0,"",,,"","",,,,,,,,,,"",,,"",,,,,,,,,,,"",,"",,,,,,,,,,,,,,,,,,,,,,,,,,"",""
,"IRE - gefitinib","20","IRE_model.1","16 Nov 14:44","17 Nov 13:27","","",,,,,,,"",,"","","",,,,"",,,"","","/Users/vishnu/Downloads","IRE_model.sdf",1,,"",,,"","",,,,,,,,,,,,"COc1cc2c(cc1OCCCN3CCOCC3)/c(=N/c4ccc(c(c4)Cl)F)/nc[nH]2","InChI=1S/C22H24ClFN4O3/c1-29-20-13-19-16(12-21(20)31-8-2-5-28-6-9-30-10-7-28)22(26-14-25-19)27-15-3-4-18(24)17(23)11-15/h3-4,11-14H,2,5-10H2,1H3,(H,25,26,27)","XGALLCVXEZPNRQ-UHFFFAOYSA-N","C22H24ClFN4O3",false,0,"",,,"","",,,,,,,,,,"",,,"",,,,,,,,,,,"",,"",,,,,,,,,,,,,,,,,,,,,,,,,,"",""
,"IRE - gefitinib","21","IRE_model.1","16 Nov 14:48","17 Nov 13:27","","",,,,,,,"",,"","","",,,,"",,,"","","/Users/vishnu/ligprep_IRE","ligprep_IRE-out.maegz",1,,"",,,"","ligprep_IRE",,,,,,,,,,,,"COc1cc2c(cc1OCCCN3CCOCC3)/c(=N/c4ccc(c(c4)Cl)F)/nc[nH]2","InChI=1S/C22H24ClFN4O3/c1-29-20-13-19-16(12-21(20)31-8-2-5-28-6-9-30-10-7-28)22(26-14-25-19)27-15-3-4-18(24)17(23)11-15/h3-4,11-14H,2,5-10H2,1H3,(H,25,26,27)","XGALLCVXEZPNRQ-UHFFFAOYSA-N","C22H24ClFN4O3",false,0,"ligprep_IRE.maegz",1,63125,"W0NIMl0xW0NIMl1PW0NIMl1bQ0gyXU4xW0NIMl1bQ0gyXVtDSDJdT2MoW2NIXTIpYyhPW0NIM10pW2NIXWMoYzIzKVtuSF1bY0hdbmNcMz1OL2M0W2NIXWMoQ2wpYyhGKVtjSF1bY0hdNA==","J2VwaWtfcHl0aG9uJywgJy1waHQnLCAnMS4wJywgJy1waCcsICc3LjQnLCAnLXRuJywgJzgnLCAnLW1hJywgJzUwMCcsICctaW1hZScsICc8aW5maWxlLm1hZT4nLCAnLW9tYWUnLCAnPG91dGZpbGUubWFlPic=",1.000,0.1968,0.0000,0.1968,0.1963,0.196,0,0,0,"S-OPLS",41.091,true,"IRE - gefitinib-1",,,,,,,,,,,"",,"",,,,,,,,,,,,,,,,,,,,,,,,,,"",""
,"IRE - gefitinib","22","IRE_model.1","16 Nov 14:48","17 Nov 13:28","","",,,,,,,"",,"","","",,,,"",,,"","","/Users/vishnu/ligprep_IRE","ligprep_IRE-out.maegz",1,,"",,,"","ligprep_IRE",,,,,,,,,,,,"COc1cc2c(cc1OCCCN3CCOCC3)/c(=N/c4ccc(c(c4)Cl)F)/nc[nH]2","InChI=1S/C22H24ClFN4O3/c1-29-20-13-19-16(12-21(20)31-8-2-5-28-6-9-30-10-7-28)22(26-14-25-19)27-15-3-4-18(24)17(23)11-15/h3-4,11-14H,2,5-10H2,1H3,(H,25,26,27)","XGALLCVXEZPNRQ-UHFFFAOYSA-N","C22H24ClFN4O3",false,0,"ligprep_IRE.maegz",1,63125,"W0NIMl0xW0NIMl1PW0NIMl1bQ0gyXU4xW0NIMl1bQ0gyXVtDSDJdT2MoW2NIXTIpYyhPW0NIM10pW2NIXWMoYzIzKVtuSF1bY0hdbmNcMz1OL2M0W2NIXWMoQ2wpYyhGKVtjSF1bY0hdNA==","J2VwaWtfcHl0aG9uJywgJy1waHQnLCAnMS4wJywgJy1waCcsICc3LjQnLCAnLXRuJywgJzgnLCAnLW1hJywgJzUwMCcsICctaW1hZScsICc8aW5maWxlLm1hZT4nLCAnLW9tYWUnLCAnPG91dGZpbGUubWFlPic=",1.000,0.7505,0.7500,0.0005,0.7500,1.500,1,1,0,"S-OPLS",48.598,true,"IRE - gefitinib-2",,,,,,,,,,,"",,"",,,,,,,,,,,,,,,,,,,,,,,,,,"",""
,"2RGP - prepared","35","2rgp.1","17 Nov 12:08","17 Nov 12:57","STRUCTURE OF EGFR IN COMPLEX WITH HYDRAZONE, A POTENT DUAL INHIBITOR","2RGP",45.850,68.030,103.860,90.000,90.000,90.000,"P 21 21 21",4,"TRANSFERASE","04-OCT-07","3.30",0.228,0.268,2.000,"X-RAY DIFFRACTION",200.000,9.000,"A","1.000000 0.000000 0.000000   0.000000;0.000000 1.000000 0.000000   0.000000;0.000000 0.000000 1.000000   0.000000","/Users/vishnu/glide-dock_SP_IRE_scaled","glide-dock_SP_IRE_scaled_pv.maegz",1,,"",,,"","glide-dock_SP_IRE_scaled",-7355.846,0.074,2.379,12.507,251.790,454.042,-325.568,-525.103,-7295.682,72.168,298.000,"","","","",,,"",,,"","",,,,,,,,,,"",,,"",100125,16.795,34.517,91.289,27.885,27.885,27.885,10.000,10.000,10.000,"glide",true,"",,,,,,,,,,,,,,,,,,,,,,,,,,"",""
,"IRE - gefitinib","36","IRE_model.1","17 Nov 12:08","17 Nov 12:49","","",,,,,,,"",,"","","",,,,"",,,"","","/Users/vishnu/glide-dock_SP_IRE_scaled","glide-dock_SP_IRE_scaled_pv.maegz",1,,"",,,"","glide-dock_SP_IRE_scaled",,,,,,,,,,,,"COc1cc2c(cc1OCCCN3CCOCC3)/c(=N/c4ccc(c(c4)Cl)F)/nc[nH]2","InChI=1S/C22H24ClFN4O3/c1-29-20-13-19-16(12-21(20)31-8-2-5-28-6-9-30-10-7-28)22(26-14-25-19)27-15-3-4-18(24)17(23)11-15/h3-4,11-14H,2,5-10H2,1H3,(H,25,26,27)","XGALLCVXEZPNRQ-UHFFFAOYSA-N","C22H24ClFN4O3",false,0,"ligprep_IRE.maegz",1,63125,"W0NIMl0xW0NIMl1PW0NIMl1bQ0gyXU4xW0NIMl1bQ0gyXVtDSDJdT2MoW2NIXTIpYyhPW0NIM10pW2NIXWMoYzIzKVtuSF1bY0hdbmNcMz1OL2M0W2NIXWMoQ2wpYyhGKVtjSF1bY0hdNA==","J2VwaWtfcHl0aG9uJywgJy1waHQnLCAnMS4wJywgJy1waCcsICc3LjQnLCAnLXRuJywgJzgnLCAnLW1hJywgJzUwMCcsICctaW1hZScsICc8aW5maWxlLm1hZT4nLCAnLW9tYWUnLCAnPG91dGZpbGUubWFlPic=",1.000,0.1968,0.0000,0.1968,0.1963,0.196,0,0,0,"S-OPLS",41.091,true,"IRE - gefitinib-1",,,,,,,,,,,"",,"glide-grid_3",2,8,-9.412,-0.304,-0.954,-2.123,-9.608,-4.618,-0.221,0.000,-1.927,-55.251,-4.538,0.601,0.000,-89.054,-59.789,11.920,1,59,0.196,,,,,"",""
,"IRE - gefitinib","37","IRE_model.1","17 Nov 12:08","17 Nov 13:20","","",,,,,,,"",,"","","",,,,"",,,"","","/Users/vishnu/glide-dock_SP_IRE_scaled","glide-dock_SP_IRE_scaled_pv.maegz",1,,"",,,"","glide-dock_SP_IRE_scaled",,,,,,,,,,,,"COc1cc2c(cc1OCCCN3CCOCC3)/c(=N/c4ccc(c(c4)Cl)F)/nc[nH]2","InChI=1S/C22H24ClFN4O3/c1-29-20-13-19-16(12-21(20)31-8-2-5-28-6-9-30-10-7-28)22(26-14-25-19)27-15-3-4-18(24)17(23)11-15/h3-4,11-14H,2,5-10H2,1H3,(H,25,26,27)","XGALLCVXEZPNRQ-UHFFFAOYSA-N","C22H24ClFN4O3",false,0,"ligprep_IRE.maegz",1,63125,"W0NIMl0xW0NIMl1PW0NIMl1bQ0gyXU4xW0NIMl1bQ0gyXVtDSDJdT2MoW2NIXTIpYyhPW0NIM10pW2NIXWMoYzIzKVtuSF1bY0hdbmNcMz1OL2M0W2NIXWMoQ2wpYyhGKVtjSF1bY0hdNA==","J2VwaWtfcHl0aG9uJywgJy1waHQnLCAnMS4wJywgJy1waCcsICc3LjQnLCAnLXRuJywgJzgnLCAnLW1hJywgJzUwMCcsICctaW1hZScsICc8aW5maWxlLm1hZT4nLCAnLW9tYWUnLCAnPG91dGZpbGUubWFlPic=",1.000,0.7505,0.7500,0.0005,0.7500,1.500,1,1,0,"S-OPLS",48.598,true,"IRE - gefitinib-2",,,,,,,,,,,"",,"glide-grid_3",1,8,-9.055,-0.292,-0.918,-2.042,-9.805,-4.050,-0.445,0.000,-2.005,-55.009,-7.449,0.599,-0.037,-93.169,-62.458,17.704,77,25,0.750,,,,,"",""
,"IRE - gefitinib","38","IRE_model.1","17 Nov 12:08","17 Nov 12:48","","",,,,,,,"",,"","","",,,,"",,,"","","/Users/vishnu/glide-dock_SP_IRE_scaled","glide-dock_SP_IRE_scaled_pv.maegz",1,,"",,,"","glide-dock_SP_IRE_scaled",,,,,,,,,,,,"COc1cc2c(cc1OCCCN3CCOCC3)/c(=N/c4ccc(c(c4)Cl)F)/nc[nH]2","InChI=1S/C22H24ClFN4O3/c1-29-20-13-19-16(12-21(20)31-8-2-5-28-6-9-30-10-7-28)22(26-14-25-19)27-15-3-4-18(24)17(23)11-15/h3-4,11-14H,2,5-10H2,1H3,(H,25,26,27)","XGALLCVXEZPNRQ-UHFFFAOYSA-N","C22H24ClFN4O3",false,0,"ligprep_IRE.maegz",1,63125,"W0NIMl0xW0NIMl1PW0NIMl1bQ0gyXU4xW0NIMl1bQ0gyXVtDSDJdT2MoW2NIXTIpYyhPW0NIM10pW2NIXWMoYzIzKVtuSF1bY0hdbmNcMz1OL2M0W2NIXWMoQ2wpYyhGKVtjSF1bY0hdNA==","J2VwaWtfcHl0aG9uJywgJy1waHQnLCAnMS4wJywgJy1waCcsICc3LjQnLCAnLXRuJywgJzgnLCAnLW1hJywgJzUwMCcsICctaW1hZScsICc8aW5maWxlLm1hZT4nLCAnLW9tYWUnLCAnPG91dGZpbGUubWFlPic=",1.000,0.1968,0.0000,0.1968,0.1963,0.196,0,0,0,"S-OPLS",41.091,true,"IRE - gefitinib-1",,,,,,,,,,,"",,"glide-grid_3",2,8,-9.031,-0.291,-0.915,-2.037,-9.228,-4.002,-0.421,0.000,-1.912,-56.352,-4.510,0.601,0.000,-91.569,-60.862,6.245,7,296,0.196,,,,,"",""
,"IRE - gefitinib","39","IRE_model.1","17 Nov 12:08","17 Nov 12:48","","",,,,,,,"",,"","","",,,,"",,,"","","/Users/vishnu/glide-dock_SP_IRE_scaled","glide-dock_SP_IRE_scaled_pv.maegz",1,,"",,,"","glide-dock_SP_IRE_scaled",,,,,,,,,,,,"COc1cc2c(cc1OCCCN3CCOCC3)/c(=N/c4ccc(c(c4)Cl)F)/nc[nH]2","InChI=1S/C22H24ClFN4O3/c1-29-20-13-19-16(12-21(20)31-8-2-5-28-6-9-30-10-7-28)22(26-14-25-19)27-15-3-4-18(24)17(23)11-15/h3-4,11-14H,2,5-10H2,1H3,(H,25,26,27)","XGALLCVXEZPNRQ-UHFFFAOYSA-N","C22H24ClFN4O3",false,0,"ligprep_IRE.maegz",1,63125,"W0NIMl0xW0NIMl1PW0NIMl1bQ0gyXU4xW0NIMl1bQ0gyXVtDSDJdT2MoW2NIXTIpYyhPW0NIM10pW2NIXWMoYzIzKVtuSF1bY0hdbmNcMz1OL2M0W2NIXWMoQ2wpYyhGKVtjSF1bY0hdNA==","J2VwaWtfcHl0aG9uJywgJy1waHQnLCAnMS4wJywgJy1waCcsICc3LjQnLCAnLXRuJywgJzgnLCAnLW1hJywgJzUwMCcsICctaW1hZScsICc8aW5maWxlLm1hZT4nLCAnLW9tYWUnLCAnPG91dGZpbGUubWFlPic=",1.000,0.7505,0.7500,0.0005,0.7500,1.500,1,1,0,"S-OPLS",48.598,true,"IRE - gefitinib-2",,,,,,,,,,,"",,"glide-grid_3",1,8,-8.935,-0.288,-0.905,-2.015,-9.685,-3.912,-0.483,0.000,-1.922,-51.442,-8.633,0.599,-0.100,-94.527,-60.075,9.248,46,385,0.750,,,,,"",""
,"IRE - gefitinib","40","IRE_model.1","17 Nov 12:08","17 Nov 12:48","","",,,,,,,"",,"","","",,,,"",,,"","","/Users/vishnu/glide-dock_SP_IRE_scaled","glide-dock_SP_IRE_scaled_pv.maegz",1,,"",,,"","glide-dock_SP_IRE_scaled",,,,,,,,,,,,"COc1cc2c(cc1OCCCN3CCOCC3)/c(=N/c4ccc(c(c4)Cl)F)/nc[nH]2","InChI=1S/C22H24ClFN4O3/c1-29-20-13-19-16(12-21(20)31-8-2-5-28-6-9-30-10-7-28)22(26-14-25-19)27-15-3-4-18(24)17(23)11-15/h3-4,11-14H,2,5-10H2,1H3,(H,25,26,27)","XGALLCVXEZPNRQ-UHFFFAOYSA-N","C22H24ClFN4O3",false,0,"ligprep_IRE.maegz",1,63125,"W0NIMl0xW0NIMl1PW0NIMl1bQ0gyXU4xW0NIMl1bQ0gyXVtDSDJdT2MoW2NIXTIpYyhPW0NIM10pW2NIXWMoYzIzKVtuSF1bY0hdbmNcMz1OL2M0W2NIXWMoQ2wpYyhGKVtjSF1bY0hdNA==","J2VwaWtfcHl0aG9uJywgJy1waHQnLCAnMS4wJywgJy1waCcsICc3LjQnLCAnLXRuJywgJzgnLCAnLW1hJywgJzUwMCcsICctaW1hZScsICc8aW5maWxlLm1hZT4nLCAnLW9tYWUnLCAnPG91dGZpbGUubWFlPic=",1.000,0.7505,0.7500,0.0005,0.7500,1.500,1,1,0,"S-OPLS",48.598,true,"IRE - gefitinib-2",,,,,,,,,,,"",,"glide-grid_3",1,8,-8.706,-0.281,-0.882,-1.963,-9.456,-3.919,-0.421,0.000,-1.914,-55.646,-6.555,0.599,-0.036,-93.367,-62.201,13.974,77,387,0.750,,,,,"",""
,"IRE - gefitinib","41","IRE_model.1","17 Nov 12:08","17 Nov 12:49","","",,,,,,,"",,"","","",,,,"",,,"","","/Users/vishnu/glide-dock_SP_IRE_scaled","glide-dock_SP_IRE_scaled_pv.maegz",1,,"",,,"","glide-dock_SP_IRE_scaled",,,,,,,,,,,,"COc1cc2c(cc1OCCCN3CCOCC3)/c(=N/c4ccc(c(c4)Cl)F)/nc[nH]2","InChI=1S/C22H24ClFN4O3/c1-29-20-13-19-16(12-21(20)31-8-2-5-28-6-9-30-10-7-28)22(26-14-25-19)27-15-3-4-18(24)17(23)11-15/h3-4,11-14H,2,5-10H2,1H3,(H,25,26,27)","XGALLCVXEZPNRQ-UHFFFAOYSA-N","C22H24ClFN4O3",false,0,"ligprep_IRE.maegz",1,63125,"W0NIMl0xW0NIMl1PW0NIMl1bQ0gyXU4xW0NIMl1bQ0gyXVtDSDJdT2MoW2NIXTIpYyhPW0NIM10pW2NIXWMoYzIzKVtuSF1bY0hdbmNcMz1OL2M0W2NIXWMoQ2wpYyhGKVtjSF1bY0hdNA==","J2VwaWtfcHl0aG9uJywgJy1waHQnLCAnMS4wJywgJy1waCcsICc3LjQnLCAnLXRuJywgJzgnLCAnLW1hJywgJzUwMCcsICctaW1hZScsICc8aW5maWxlLm1hZT4nLCAnLW9tYWUnLCAnPG91dGZpbGUubWFlPic=",1.000,0.7505,0.7500,0.0005,0.7500,1.500,1,1,0,"S-OPLS",48.598,true,"IRE - gefitinib-2",,,,,,,,,,,"",,"glide-grid_3",1,8,-8.696,-0.281,-0.881,-1.961,-9.446,-3.851,-0.434,0.000,-1.924,-52.109,-7.612,0.599,-0.089,-94.158,-59.720,7.348,58,396,0.750,,,,,"",""
,"IRE - gefitinib","42","IRE_model.1","17 Nov 12:08","17 Nov 12:49","","",,,,,,,"",,"","","",,,,"",,,"","","/Users/vishnu/glide-dock_SP_IRE_scaled","glide-dock_SP_IRE_scaled_pv.maegz",1,,"",,,"","glide-dock_SP_IRE_scaled",,,,,,,,,,,,"COc1cc2c(cc1OCCCN3CCOCC3)/c(=N/c4ccc(c(c4)Cl)F)/nc[nH]2","InChI=1S/C22H24ClFN4O3/c1-29-20-13-19-16(12-21(20)31-8-2-5-28-6-9-30-10-7-28)22(26-14-25-19)27-15-3-4-18(24)17(23)11-15/h3-4,11-14H,2,5-10H2,1H3,(H,25,26,27)","XGALLCVXEZPNRQ-UHFFFAOYSA-N","C22H24ClFN4O3",false,0,"ligprep_IRE.maegz",1,63125,"W0NIMl0xW0NIMl1PW0NIMl1bQ0gyXU4xW0NIMl1bQ0gyXVtDSDJdT2MoW2NIXTIpYyhPW0NIM10pW2NIXWMoYzIzKVtuSF1bY0hdbmNcMz1OL2M0W2NIXWMoQ2wpYyhGKVtjSF1bY0hdNA==","J2VwaWtfcHl0aG9uJywgJy1waHQnLCAnMS4wJywgJy1waCcsICc3LjQnLCAnLXRuJywgJzgnLCAnLW1hJywgJzUwMCcsICctaW1hZScsICc8aW5maWxlLm1hZT4nLCAnLW9tYWUnLCAnPG91dGZpbGUubWFlPic=",1.000,0.1968,0.0000,0.1968,0.1963,0.196,0,0,0,"S-OPLS",41.091,true,"IRE - gefitinib-1",,,,,,,,,,,"",,"glide-grid_3",2,8,-8.336,-0.269,-0.845,-1.880,-8.532,-3.964,0.000,0.000,-2.012,-55.176,-2.658,0.601,0.000,-83.388,-57.833,11.450,131,349,0.196,,,,,"",""
,"IRE - gefitinib","43","IRE_model.1","17 Nov 12:08","17 Nov 12:08","","",,,,,,,"",,"","","",,,,"",,,"","","/Users/vishnu/glide-dock_SP_IRE_scaled","glide-dock_SP_IRE_scaled_pv.maegz",1,,"",,,"","glide-dock_SP_IRE_scaled",,,,,,,,,,,,"COc1cc2c(cc1OCCCN3CCOCC3)/c(=N/c4ccc(c(c4)Cl)F)/nc[nH]2","InChI=1S/C22H24ClFN4O3/c1-29-20-13-19-16(12-21(20)31-8-2-5-28-6-9-30-10-7-28)22(26-14-25-19)27-15-3-4-18(24)17(23)11-15/h3-4,11-14H,2,5-10H2,1H3,(H,25,26,27)","XGALLCVXEZPNRQ-UHFFFAOYSA-N","C22H24ClFN4O3",false,0,"ligprep_IRE.maegz",1,63125,"W0NIMl0xW0NIMl1PW0NIMl1bQ0gyXU4xW0NIMl1bQ0gyXVtDSDJdT2MoW2NIXTIpYyhPW0NIM10pW2NIXWMoYzIzKVtuSF1bY0hdbmNcMz1OL2M0W2NIXWMoQ2wpYyhGKVtjSF1bY0hdNA==","J2VwaWtfcHl0aG9uJywgJy1waHQnLCAnMS4wJywgJy1waCcsICc3LjQnLCAnLXRuJywgJzgnLCAnLW1hJywgJzUwMCcsICctaW1hZScsICc8aW5maWxlLm1hZT4nLCAnLW9tYWUnLCAnPG91dGZpbGUubWFlPic=",1.000,0.1968,0.0000,0.1968,0.1963,0.196,0,0,0,"S-OPLS",41.091,true,"IRE - gefitinib-1",,,,,,,,,,,"",,"glide-grid_3",2,8,-7.818,-0.252,-0.792,-1.763,-8.014,-3.841,-0.132,0.000,-1.410,-53.693,-3.655,0.601,0.000,-84.553,-57.348,4.353,7,79,0.196,,,,,"",""
,"IRE - gefitinib","44","IRE_model.1","17 Nov 12:08","17 Nov 12:08","","",,,,,,,"",,"","","",,,,"",,,"","","/Users/vishnu/glide-dock_SP_IRE_scaled","glide-dock_SP_IRE_scaled_pv.maegz",1,,"",,,"","glide-dock_SP_IRE_scaled",,,,,,,,,,,,"COc1cc2c(cc1OCCCN3CCOCC3)/c(=N/c4ccc(c(c4)Cl)F)/nc[nH]2","InChI=1S/C22H24ClFN4O3/c1-29-20-13-19-16(12-21(20)31-8-2-5-28-6-9-30-10-7-28)22(26-14-25-19)27-15-3-4-18(24)17(23)11-15/h3-4,11-14H,2,5-10H2,1H3,(H,25,26,27)","XGALLCVXEZPNRQ-UHFFFAOYSA-N","C22H24ClFN4O3",false,0,"ligprep_IRE.maegz",1,63125,"W0NIMl0xW0NIMl1PW0NIMl1bQ0gyXU4xW0NIMl1bQ0gyXVtDSDJdT2MoW2NIXTIpYyhPW0NIM10pW2NIXWMoYzIzKVtuSF1bY0hdbmNcMz1OL2M0W2NIXWMoQ2wpYyhGKVtjSF1bY0hdNA==","J2VwaWtfcHl0aG9uJywgJy1waHQnLCAnMS4wJywgJy1waCcsICc3LjQnLCAnLXRuJywgJzgnLCAnLW1hJywgJzUwMCcsICctaW1hZScsICc8aW5maWxlLm1hZT4nLCAnLW9tYWUnLCAnPG91dGZpbGUubWFlPic=",1.000,0.1968,0.0000,0.1968,0.1963,0.196,0,0,0,"S-OPLS",41.091,true,"IRE - gefitinib-1",,,,,,,,,,,"",,"glide-grid_3",2,8,-5.646,-0.182,-0.572,-1.273,-5.842,-2.741,-0.160,0.000,-0.544,-54.440,-1.844,0.601,0.000,-73.431,-56.284,8.543,138,224,0.196,,,,,"",""
,"2RGP - prepared","54","2rgp.1","17 Nov 13:17","17 Nov 13:44","STRUCTURE OF EGFR IN COMPLEX WITH HYDRAZONE, A POTENT DUAL INHIBITOR","2RGP",45.850,68.030,103.860,90.000,90.000,90.000,"P 21 21 21",4,"TRANSFERASE","04-OCT-07","3.30",0.228,0.268,2.000,"X-RAY DIFFRACTION",200.000,9.000,"A","1.000000 0.000000 0.000000   0.000000;0.000000 1.000000 0.000000   0.000000;0.000000 0.000000 1.000000   0.000000","/Users/vishnu/glide-dock_XP_IRE_scaled","glide-dock_XP_IRE_scaled_pv.maegz",1,,"",,,"","glide-dock_XP_IRE_scaled",-7355.846,0.074,2.379,12.507,251.790,454.042,-325.568,-525.103,-7295.682,72.168,298.000,"","","","",,,"",,,"","",,,,,,,,,,"",,,"",100125,16.795,34.517,91.289,27.885,27.885,27.885,10.000,10.000,10.000,"glide",true,"",,,,,,,,,,,,,,,,,,,,,,,,,,"",""
,"IRE - gefitinib","55","IRE_model.1","17 Nov 13:17","17 Nov 13:44","","",,,,,,,"",,"","","",,,,"",,,"","","/Users/vishnu/glide-dock_XP_IRE_scaled","glide-dock_XP_IRE_scaled_pv.maegz",1,,"",,,"","glide-dock_XP_IRE_scaled",,,,,,,,,,,,"COc1cc2c(cc1OCCCN3CCOCC3)/c(=N/c4ccc(c(c4)Cl)F)/nc[nH]2","InChI=1S/C22H24ClFN4O3/c1-29-20-13-19-16(12-21(20)31-8-2-5-28-6-9-30-10-7-28)22(26-14-25-19)27-15-3-4-18(24)17(23)11-15/h3-4,11-14H,2,5-10H2,1H3,(H,25,26,27)","XGALLCVXEZPNRQ-UHFFFAOYSA-N","C22H24ClFN4O3",false,0,"ligprep_IRE.maegz",1,63125,"W0NIMl0xW0NIMl1PW0NIMl1bQ0gyXU4xW0NIMl1bQ0gyXVtDSDJdT2MoW2NIXTIpYyhPW0NIM10pW2NIXWMoYzIzKVtuSF1bY0hdbmNcMz1OL2M0W2NIXWMoQ2wpYyhGKVtjSF1bY0hdNA==","J2VwaWtfcHl0aG9uJywgJy1waHQnLCAnMS4wJywgJy1waCcsICc3LjQnLCAnLXRuJywgJzgnLCAnLW1hJywgJzUwMCcsICctaW1hZScsICc8aW5maWxlLm1hZT4nLCAnLW9tYWUnLCAnPG91dGZpbGUubWFlPic=",1.000,0.1968,0.0000,0.1968,0.1963,0.196,0,0,0,"S-OPLS",41.091,true,"IRE - gefitinib-1",,,,,,,,,,,"",,"glide-grid_3",1,8,-9.638,-0.311,-0.977,-2.174,-9.835,,,,,-52.193,-5.642,,,-89.201,-57.835,9.812,1,2,0.196,-9.835,-0.628,1,,"",""
,"IRE - gefitinib","56","IRE_model.1","17 Nov 13:17","17 Nov 13:19","","",,,,,,,"",,"","","",,,,"",,,"","","/Users/vishnu/glide-dock_XP_IRE_scaled","glide-dock_XP_IRE_scaled_pv.maegz",1,,"",,,"","glide-dock_XP_IRE_scaled",,,,,,,,,,,,"COc1cc2c(cc1OCCCN3CCOCC3)/c(=N/c4ccc(c(c4)Cl)F)/nc[nH]2","InChI=1S/C22H24ClFN4O3/c1-29-20-13-19-16(12-21(20)31-8-2-5-28-6-9-30-10-7-28)22(26-14-25-19)27-15-3-4-18(24)17(23)11-15/h3-4,11-14H,2,5-10H2,1H3,(H,25,26,27)","XGALLCVXEZPNRQ-UHFFFAOYSA-N","C22H24ClFN4O3",false,0,"ligprep_IRE.maegz",1,63125,"W0NIMl0xW0NIMl1PW0NIMl1bQ0gyXU4xW0NIMl1bQ0gyXVtDSDJdT2MoW2NIXTIpYyhPW0NIM10pW2NIXWMoYzIzKVtuSF1bY0hdbmNcMz1OL2M0W2NIXWMoQ2wpYyhGKVtjSF1bY0hdNA==","J2VwaWtfcHl0aG9uJywgJy1waHQnLCAnMS4wJywgJy1waCcsICc3LjQnLCAnLXRuJywgJzgnLCAnLW1hJywgJzUwMCcsICctaW1hZScsICc8aW5maWxlLm1hZT4nLCAnLW9tYWUnLCAnPG91dGZpbGUubWFlPic=",1.000,0.1968,0.0000,0.1968,0.1963,0.196,0,0,0,"S-OPLS",41.091,true,"IRE - gefitinib-1",,,,,,,,,,,"",,"glide-grid_3",1,8,-9.475,-0.306,-0.960,-2.137,-9.672,,,,,-55.362,-4.563,,,-88.022,-59.925,11.621,1,6,0.196,-9.672,-0.628,2,,"",""
,"IRE - gefitinib","57","IRE_model.1","17 Nov 13:17","17 Nov 13:19","","",,,,,,,"",,"","","",,,,"",,,"","","/Users/vishnu/glide-dock_XP_IRE_scaled","glide-dock_XP_IRE_scaled_pv.maegz",1,,"",,,"","glide-dock_XP_IRE_scaled",,,,,,,,,,,,"COc1cc2c(cc1OCCCN3CCOCC3)/c(=N/c4ccc(c(c4)Cl)F)/nc[nH]2","InChI=1S/C22H24ClFN4O3/c1-29-20-13-19-16(12-21(20)31-8-2-5-28-6-9-30-10-7-28)22(26-14-25-19)27-15-3-4-18(24)17(23)11-15/h3-4,11-14H,2,5-10H2,1H3,(H,25,26,27)","XGALLCVXEZPNRQ-UHFFFAOYSA-N","C22H24ClFN4O3",false,0,"ligprep_IRE.maegz",1,63125,"W0NIMl0xW0NIMl1PW0NIMl1bQ0gyXU4xW0NIMl1bQ0gyXVtDSDJdT2MoW2NIXTIpYyhPW0NIM10pW2NIXWMoYzIzKVtuSF1bY0hdbmNcMz1OL2M0W2NIXWMoQ2wpYyhGKVtjSF1bY0hdNA==","J2VwaWtfcHl0aG9uJywgJy1waHQnLCAnMS4wJywgJy1waCcsICc3LjQnLCAnLXRuJywgJzgnLCAnLW1hJywgJzUwMCcsICctaW1hZScsICc8aW5maWxlLm1hZT4nLCAnLW9tYWUnLCAnPG91dGZpbGUubWFlPic=",1.000,0.7505,0.7500,0.0005,0.7500,1.500,1,1,0,"S-OPLS",48.598,true,"IRE - gefitinib-2",,,,,,,,,,,"",,"glide-grid_3",2,8,-9.086,-0.293,-0.921,-2.049,-9.836,,,,,-51.443,-8.495,,,-92.245,-59.939,3.723,1,7,0.750,-9.836,-1.108,1,,"",""
,"IRE - gefitinib","58","IRE_model.1","17 Nov 13:17","17 Nov 13:17","","",,,,,,,"",,"","","",,,,"",,,"","","/Users/vishnu/glide-dock_XP_IRE_scaled","glide-dock_XP_IRE_scaled_pv.maegz",1,,"",,,"","glide-dock_XP_IRE_scaled",,,,,,,,,,,,"COc1cc2c(cc1OCCCN3CCOCC3)/c(=N/c4ccc(c(c4)Cl)F)/nc[nH]2","InChI=1S/C22H24ClFN4O3/c1-29-20-13-19-16(12-21(20)31-8-2-5-28-6-9-30-10-7-28)22(26-14-25-19)27-15-3-4-18(24)17(23)11-15/h3-4,11-14H,2,5-10H2,1H3,(H,25,26,27)","XGALLCVXEZPNRQ-UHFFFAOYSA-N","C22H24ClFN4O3",false,0,"ligprep_IRE.maegz",1,63125,"W0NIMl0xW0NIMl1PW0NIMl1bQ0gyXU4xW0NIMl1bQ0gyXVtDSDJdT2MoW2NIXTIpYyhPW0NIM10pW2NIXWMoYzIzKVtuSF1bY0hdbmNcMz1OL2M0W2NIXWMoQ2wpYyhGKVtjSF1bY0hdNA==","J2VwaWtfcHl0aG9uJywgJy1waHQnLCAnMS4wJywgJy1waCcsICc3LjQnLCAnLXRuJywgJzgnLCAnLW1hJywgJzUwMCcsICctaW1hZScsICc8aW5maWxlLm1hZT4nLCAnLW9tYWUnLCAnPG91dGZpbGUubWFlPic=",1.000,0.7505,0.7500,0.0005,0.7500,1.500,1,1,0,"S-OPLS",48.598,true,"IRE - gefitinib-2",,,,,,,,,,,"",,"glide-grid_3",2,8,-8.887,-0.287,-0.901,-2.004,-9.637,,,,,-47.831,-8.363,,,-89.297,-56.194,5.606,1,10,0.750,-9.637,-1.108,2,,"",""
,"IRE - gefitinib","59","IRE_model.1","17 Nov 13:17","17 Nov 13:17","","",,,,,,,"",,"","","",,,,"",,,"","","/Users/vishnu/glide-dock_XP_IRE_scaled","glide-dock_XP_IRE_scaled_pv.maegz",1,,"",,,"","glide-dock_XP_IRE_scaled",,,,,,,,,,,,"COc1cc2c(cc1OCCCN3CCOCC3)/c(=N/c4ccc(c(c4)Cl)F)/nc[nH]2","InChI=1S/C22H24ClFN4O3/c1-29-20-13-19-16(12-21(20)31-8-2-5-28-6-9-30-10-7-28)22(26-14-25-19)27-15-3-4-18(24)17(23)11-15/h3-4,11-14H,2,5-10H2,1H3,(H,25,26,27)","XGALLCVXEZPNRQ-UHFFFAOYSA-N","C22H24ClFN4O3",false,0,"ligprep_IRE.maegz",1,63125,"W0NIMl0xW0NIMl1PW0NIMl1bQ0gyXU4xW0NIMl1bQ0gyXVtDSDJdT2MoW2NIXTIpYyhPW0NIM10pW2NIXWMoYzIzKVtuSF1bY0hdbmNcMz1OL2M0W2NIXWMoQ2wpYyhGKVtjSF1bY0hdNA==","J2VwaWtfcHl0aG9uJywgJy1waHQnLCAnMS4wJywgJy1waCcsICc3LjQnLCAnLXRuJywgJzgnLCAnLW1hJywgJzUwMCcsICctaW1hZScsICc8aW5maWxlLm1hZT4nLCAnLW9tYWUnLCAnPG91dGZpbGUubWFlPic=",1.000,0.7505,0.7500,0.0005,0.7500,1.500,1,1,0,"S-OPLS",48.598,true,"IRE - gefitinib-2",,,,,,,,,,,"",,"glide-grid_3",2,8,-8.886,-0.287,-0.900,-2.004,-9.636,,,,,-55.550,-6.633,,,-94.753,-62.183,13.965,1,1,0.750,-9.636,-1.108,3,,"",""
,"IRE - gefitinib","60","IRE_model.1","17 Nov 13:17","17 Nov 13:17","","",,,,,,,"",,"","","",,,,"",,,"","","/Users/vishnu/glide-dock_XP_IRE_scaled","glide-dock_XP_IRE_scaled_pv.maegz",1,,"",,,"","glide-dock_XP_IRE_scaled",,,,,,,,,,,,"COc1cc2c(cc1OCCCN3CCOCC3)/c(=N/c4ccc(c(c4)Cl)F)/nc[nH]2","InChI=1S/C22H24ClFN4O3/c1-29-20-13-19-16(12-21(20)31-8-2-5-28-6-9-30-10-7-28)22(26-14-25-19)27-15-3-4-18(24)17(23)11-15/h3-4,11-14H,2,5-10H2,1H3,(H,25,26,27)","XGALLCVXEZPNRQ-UHFFFAOYSA-N","C22H24ClFN4O3",false,0,"ligprep_IRE.maegz",1,63125,"W0NIMl0xW0NIMl1PW0NIMl1bQ0gyXU4xW0NIMl1bQ0gyXVtDSDJdT2MoW2NIXTIpYyhPW0NIM10pW2NIXWMoYzIzKVtuSF1bY0hdbmNcMz1OL2M0W2NIXWMoQ2wpYyhGKVtjSF1bY0hdNA==","J2VwaWtfcHl0aG9uJywgJy1waHQnLCAnMS4wJywgJy1waCcsICc3LjQnLCAnLXRuJywgJzgnLCAnLW1hJywgJzUwMCcsICctaW1hZScsICc8aW5maWxlLm1hZT4nLCAnLW9tYWUnLCAnPG91dGZpbGUubWFlPic=",1.000,0.7505,0.7500,0.0005,0.7500,1.500,1,1,0,"S-OPLS",48.598,true,"IRE - gefitinib-2",,,,,,,,,,,"",,"glide-grid_3",2,8,-8.475,-0.273,-0.859,-1.911,-9.225,,,,,-49.948,-6.723,,,-89.837,-56.671,7.852,1,2,0.750,-9.225,-1.108,4,,"",""
,"IRE - gefitinib","61","IRE_model.1","17 Nov 13:17","17 Nov 13:17","","",,,,,,,"",,"","","",,,,"",,,"","","/Users/vishnu/glide-dock_XP_IRE_scaled","glide-dock_XP_IRE_scaled_pv.maegz",1,,"",,,"","glide-dock_XP_IRE_scaled",,,,,,,,,,,,"COc1cc2c(cc1OCCCN3CCOCC3)/c(=N/c4ccc(c(c4)Cl)F)/nc[nH]2","InChI=1S/C22H24ClFN4O3/c1-29-20-13-19-16(12-21(20)31-8-2-5-28-6-9-30-10-7-28)22(26-14-25-19)27-15-3-4-18(24)17(23)11-15/h3-4,11-14H,2,5-10H2,1H3,(H,25,26,27)","XGALLCVXEZPNRQ-UHFFFAOYSA-N","C22H24ClFN4O3",false,0,"ligprep_IRE.maegz",1,63125,"W0NIMl0xW0NIMl1PW0NIMl1bQ0gyXU4xW0NIMl1bQ0gyXVtDSDJdT2MoW2NIXTIpYyhPW0NIM10pW2NIXWMoYzIzKVtuSF1bY0hdbmNcMz1OL2M0W2NIXWMoQ2wpYyhGKVtjSF1bY0hdNA==","J2VwaWtfcHl0aG9uJywgJy1waHQnLCAnMS4wJywgJy1waCcsICc3LjQnLCAnLXRuJywgJzgnLCAnLW1hJywgJzUwMCcsICctaW1hZScsICc8aW5maWxlLm1hZT4nLCAnLW9tYWUnLCAnPG91dGZpbGUubWFlPic=",1.000,0.7505,0.7500,0.0005,0.7500,1.500,1,1,0,"S-OPLS",48.598,true,"IRE - gefitinib-2",,,,,,,,,,,"",,"glide-grid_3",2,8,-8.428,-0.272,-0.854,-1.901,-9.178,,,,,-51.218,-8.058,,,-91.656,-59.276,4.892,1,9,0.750,-9.178,-1.108,5,,"",""
,"IRE - gefitinib","62","IRE_model.1","17 Nov 13:17","17 Nov 13:17","","",,,,,,,"",,"","","",,,,"",,,"","","/Users/vishnu/glide-dock_XP_IRE_scaled","glide-dock_XP_IRE_scaled_pv.maegz",1,,"",,,"","glide-dock_XP_IRE_scaled",,,,,,,,,,,,"COc1cc2c(cc1OCCCN3CCOCC3)/c(=N/c4ccc(c(c4)Cl)F)/nc[nH]2","InChI=1S/C22H24ClFN4O3/c1-29-20-13-19-16(12-21(20)31-8-2-5-28-6-9-30-10-7-28)22(26-14-25-19)27-15-3-4-18(24)17(23)11-15/h3-4,11-14H,2,5-10H2,1H3,(H,25,26,27)","XGALLCVXEZPNRQ-UHFFFAOYSA-N","C22H24ClFN4O3",false,0,"ligprep_IRE.maegz",1,63125,"W0NIMl0xW0NIMl1PW0NIMl1bQ0gyXU4xW0NIMl1bQ0gyXVtDSDJdT2MoW2NIXTIpYyhPW0NIM10pW2NIXWMoYzIzKVtuSF1bY0hdbmNcMz1OL2M0W2NIXWMoQ2wpYyhGKVtjSF1bY0hdNA==","J2VwaWtfcHl0aG9uJywgJy1waHQnLCAnMS4wJywgJy1waCcsICc3LjQnLCAnLXRuJywgJzgnLCAnLW1hJywgJzUwMCcsICctaW1hZScsICc8aW5maWxlLm1hZT4nLCAnLW9tYWUnLCAnPG91dGZpbGUubWFlPic=",1.000,0.1968,0.0000,0.1968,0.1963,0.196,0,0,0,"S-OPLS",41.091,true,"IRE - gefitinib-1",,,,,,,,,,,"",,"glide-grid_3",1,8,-8.394,-0.271,-0.851,-1.893,-8.590,,,,,-55.918,-4.611,,,-93.515,-60.529,6.204,1,7,0.196,-8.590,-0.628,3,,"",""
,"IRE - gefitinib","63","IRE_model.1","17 Nov 13:17","17 Nov 13:17","","",,,,,,,"",,"","","",,,,"",,,"","","/Users/vishnu/glide-dock_XP_IRE_scaled","glide-dock_XP_IRE_scaled_pv.maegz",1,,"",,,"","glide-dock_XP_IRE_scaled",,,,,,,,,,,,"COc1cc2c(cc1OCCCN3CCOCC3)/c(=N/c4ccc(c(c4)Cl)F)/nc[nH]2","InChI=1S/C22H24ClFN4O3/c1-29-20-13-19-16(12-21(20)31-8-2-5-28-6-9-30-10-7-28)22(26-14-25-19)27-15-3-4-18(24)17(23)11-15/h3-4,11-14H,2,5-10H2,1H3,(H,25,26,27)","XGALLCVXEZPNRQ-UHFFFAOYSA-N","C22H24ClFN4O3",false,0,"ligprep_IRE.maegz",1,63125,"W0NIMl0xW0NIMl1PW0NIMl1bQ0gyXU4xW0NIMl1bQ0gyXVtDSDJdT2MoW2NIXTIpYyhPW0NIM10pW2NIXWMoYzIzKVtuSF1bY0hdbmNcMz1OL2M0W2NIXWMoQ2wpYyhGKVtjSF1bY0hdNA==","J2VwaWtfcHl0aG9uJywgJy1waHQnLCAnMS4wJywgJy1waCcsICc3LjQnLCAnLXRuJywgJzgnLCAnLW1hJywgJzUwMCcsICctaW1hZScsICc8aW5maWxlLm1hZT4nLCAnLW9tYWUnLCAnPG91dGZpbGUubWFlPic=",1.000,0.1968,0.0000,0.1968,0.1963,0.196,0,0,0,"S-OPLS",41.091,true,"IRE - gefitinib-1",,,,,,,,,,,"",,"glide-grid_3",1,8,-8.032,-0.259,-0.814,-1.811,-8.228,,,,,-54.912,-2.078,,,-87.574,-56.990,6.648,1,8,0.196,-8.228,-0.628,4,,"",""
,"AQ4 - Erlotinib","64","AQ4_model.1","17 Nov 13:26","17 Nov 18:14","","",,,,,,,"",,"","","",,,,"",,,"","","/Users/vishnu/ligprep_AQ4","ligprep_AQ4-out.maegz",1,,"",,,"","ligprep_AQ4",,,,,,,,,,,,"COCCOc1cc2c(cc1OCCOC)ncnc2Nc3cccc(c3)C#C","InChI=1S/C22H23N3O4/c1-4-16-6-5-7-17(12-16)25-22-18-13-20(28-10-8-26-2)21(29-11-9-27-3)14-19(18)23-15-24-22/h1,5-7,12-15H,8-11H2,2-3H3,(H,23,24,25)","AAKJLRGGTJKAMG-UHFFFAOYSA-N","C22H23N3O4",false,0,"ligprep_AQ4.maegz",1,63125,"W0NIXSNDYzFbY0hdYyhbY0hdW2NIXVtjSF0xKVtOSF1jMm5bY0hdbmMoYzIzKVtjSF1jKE9bQ0gyXVtDSDJdT1tDSDNdKWMoW2NIXTMpT1tDSDJdW0NIMl1PW0NIM10=","J2VwaWtfcHl0aG9uJywgJy1waHQnLCAnMS4wJywgJy1waCcsICc3LjAnLCAnLXRuJywgJzgnLCAnLW1hJywgJzUwMCcsICctaW1hZScsICc8aW5maWxlLm1hZT4nLCAnLW9tYWUnLCAnPG91dGZpbGUubWFlPic=",1.000,0.0014,0.0000,0.0014,0.0000,0.000,0,0,0,"S-OPLS",38.203,true,"AQ4 - Erlotinib-1",,,,,,,,,,,"",,"",,,,,,,,,,,,,,,,,,,,,,,,,,"",""
,"2RGP - prepared","65","2rgp.1","17 Nov 13:29","17 Nov 13:29","STRUCTURE OF EGFR IN COMPLEX WITH HYDRAZONE, A POTENT DUAL INHIBITOR","2RGP",45.850,68.030,103.860,90.000,90.000,90.000,"P 21 21 21",4,"TRANSFERASE","04-OCT-07","3.30",0.228,0.268,2.000,"X-RAY DIFFRACTION",200.000,9.000,"A","1.000000 0.000000 0.000000   0.000000;0.000000 1.000000 0.000000   0.000000;0.000000 0.000000 1.000000   0.000000","/Users/vishnu/glide-dock_SP_AQ4","glide-dock_SP_AQ4_pv.maegz",1,,"",,,"","glide-dock_SP_AQ4",-7355.846,0.074,2.379,12.507,251.790,454.042,-325.568,-525.103,-7295.682,72.168,298.000,"","","","",,,"",,,"","",,,,,,,,,,"",,,"",100125,16.795,34.517,91.289,27.885,27.885,27.885,10.000,10.000,10.000,"glide",true,"",,,,,,,,,,,,,,,,,,,,,,,,,,"",""
,"AQ4 - Erlotinib","66","AQ4_model.1","17 Nov 13:29","17 Nov 13:29","","",,,,,,,"",,"","","",,,,"",,,"","","/Users/vishnu/glide-dock_SP_AQ4","glide-dock_SP_AQ4_pv.maegz",1,,"",,,"","glide-dock_SP_AQ4",,,,,,,,,,,,"COCCOc1cc2c(cc1OCCOC)ncnc2Nc3cccc(c3)C#C","InChI=1S/C22H23N3O4/c1-4-16-6-5-7-17(12-16)25-22-18-13-20(28-10-8-26-2)21(29-11-9-27-3)14-19(18)23-15-24-22/h1,5-7,12-15H,8-11H2,2-3H3,(H,23,24,25)","AAKJLRGGTJKAMG-UHFFFAOYSA-N","C22H23N3O4",false,0,"ligprep_AQ4.maegz",1,63125,"W0NIXSNDYzFbY0hdYyhbY0hdW2NIXVtjSF0xKVtOSF1jMm5bY0hdbmMoYzIzKVtjSF1jKE9bQ0gyXVtDSDJdT1tDSDNdKWMoW2NIXTMpT1tDSDJdW0NIMl1PW0NIM10=","J2VwaWtfcHl0aG9uJywgJy1waHQnLCAnMS4wJywgJy1waCcsICc3LjAnLCAnLXRuJywgJzgnLCAnLW1hJywgJzUwMCcsICctaW1hZScsICc8aW5maWxlLm1hZT4nLCAnLW9tYWUnLCAnPG91dGZpbGUubWFlPic=",1.000,0.0014,0.0000,0.0014,0.0000,0.000,0,0,0,"S-OPLS",38.203,true,"AQ4 - Erlotinib-1",,,,,,,,,,,"",,"glide-grid_3",1,11,-7.655,-0.264,-0.811,-1.753,-7.655,-4.393,0.000,0.000,-1.089,-58.043,-2.711,1.136,0.000,-83.508,-60.754,12.210,266,319,0.000,,,,,"",""
,"AQ4 - Erlotinib","67","AQ4_model.1","17 Nov 13:29","17 Nov 13:29","","",,,,,,,"",,"","","",,,,"",,,"","","/Users/vishnu/glide-dock_SP_AQ4","glide-dock_SP_AQ4_pv.maegz",1,,"",,,"","glide-dock_SP_AQ4",,,,,,,,,,,,"COCCOc1cc2c(cc1OCCOC)ncnc2Nc3cccc(c3)C#C","InChI=1S/C22H23N3O4/c1-4-16-6-5-7-17(12-16)25-22-18-13-20(28-10-8-26-2)21(29-11-9-27-3)14-19(18)23-15-24-22/h1,5-7,12-15H,8-11H2,2-3H3,(H,23,24,25)","AAKJLRGGTJKAMG-UHFFFAOYSA-N","C22H23N3O4",false,0,"ligprep_AQ4.maegz",1,63125,"W0NIXSNDYzFbY0hdYyhbY0hdW2NIXVtjSF0xKVtOSF1jMm5bY0hdbmMoYzIzKVtjSF1jKE9bQ0gyXVtDSDJdT1tDSDNdKWMoW2NIXTMpT1tDSDJdW0NIMl1PW0NIM10=","J2VwaWtfcHl0aG9uJywgJy1waHQnLCAnMS4wJywgJy1waCcsICc3LjAnLCAnLXRuJywgJzgnLCAnLW1hJywgJzUwMCcsICctaW1hZScsICc8aW5maWxlLm1hZT4nLCAnLW9tYWUnLCAnPG91dGZpbGUubWFlPic=",1.000,0.0014,0.0000,0.0014,0.0000,0.000,0,0,0,"S-OPLS",38.203,true,"AQ4 - Erlotinib-1",,,,,,,,,,,"",,"glide-grid_3",1,11,-7.649,-0.264,-0.810,-1.751,-7.649,-3.678,-0.331,0.000,-1.140,-56.495,-5.406,1.136,0.000,-85.680,-61.901,10.113,149,320,0.000,,,,,"",""
,"AQ4 - Erlotinib","68","AQ4_model.1","17 Nov 13:29","17 Nov 13:29","","",,,,,,,"",,"","","",,,,"",,,"","","/Users/vishnu/glide-dock_SP_AQ4","glide-dock_SP_AQ4_pv.maegz",1,,"",,,"","glide-dock_SP_AQ4",,,,,,,,,,,,"COCCOc1cc2c(cc1OCCOC)ncnc2Nc3cccc(c3)C#C","InChI=1S/C22H23N3O4/c1-4-16-6-5-7-17(12-16)25-22-18-13-20(28-10-8-26-2)21(29-11-9-27-3)14-19(18)23-15-24-22/h1,5-7,12-15H,8-11H2,2-3H3,(H,23,24,25)","AAKJLRGGTJKAMG-UHFFFAOYSA-N","C22H23N3O4",false,0,"ligprep_AQ4.maegz",1,63125,"W0NIXSNDYzFbY0hdYyhbY0hdW2NIXVtjSF0xKVtOSF1jMm5bY0hdbmMoYzIzKVtjSF1jKE9bQ0gyXVtDSDJdT1tDSDNdKWMoW2NIXTMpT1tDSDJdW0NIMl1PW0NIM10=","J2VwaWtfcHl0aG9uJywgJy1waHQnLCAnMS4wJywgJy1waCcsICc3LjAnLCAnLXRuJywgJzgnLCAnLW1hJywgJzUwMCcsICctaW1hZScsICc8aW5maWxlLm1hZT4nLCAnLW9tYWUnLCAnPG91dGZpbGUubWFlPic=",1.000,0.0014,0.0000,0.0014,0.0000,0.000,0,0,0,"S-OPLS",38.203,true,"AQ4 - Erlotinib-1",,,,,,,,,,,"",,"glide-grid_3",1,11,-7.473,-0.258,-0.792,-1.711,-7.473,-3.776,-0.347,0.000,-1.079,-55.880,-4.085,1.136,0.000,-83.525,-59.965,9.230,89,113,0.000,,,,,"",""
,"AQ4 - Erlotinib","69","AQ4_model.1","17 Nov 13:29","17 Nov 13:29","","",,,,,,,"",,"","","",,,,"",,,"","","/Users/vishnu/glide-dock_SP_AQ4","glide-dock_SP_AQ4_pv.maegz",1,,"",,,"","glide-dock_SP_AQ4",,,,,,,,,,,,"COCCOc1cc2c(cc1OCCOC)ncnc2Nc3cccc(c3)C#C","InChI=1S/C22H23N3O4/c1-4-16-6-5-7-17(12-16)25-22-18-13-20(28-10-8-26-2)21(29-11-9-27-3)14-19(18)23-15-24-22/h1,5-7,12-15H,8-11H2,2-3H3,(H,23,24,25)","AAKJLRGGTJKAMG-UHFFFAOYSA-N","C22H23N3O4",false,0,"ligprep_AQ4.maegz",1,63125,"W0NIXSNDYzFbY0hdYyhbY0hdW2NIXVtjSF0xKVtOSF1jMm5bY0hdbmMoYzIzKVtjSF1jKE9bQ0gyXVtDSDJdT1tDSDNdKWMoW2NIXTMpT1tDSDJdW0NIMl1PW0NIM10=","J2VwaWtfcHl0aG9uJywgJy1waHQnLCAnMS4wJywgJy1waCcsICc3LjAnLCAnLXRuJywgJzgnLCAnLW1hJywgJzUwMCcsICctaW1hZScsICc8aW5maWxlLm1hZT4nLCAnLW9tYWUnLCAnPG91dGZpbGUubWFlPic=",1.000,0.0014,0.0000,0.0014,0.0000,0.000,0,0,0,"S-OPLS",38.203,true,"AQ4 - Erlotinib-1",,,,,,,,,,,"",,"glide-grid_3",1,11,-7.076,-0.244,-0.750,-1.620,-7.076,-3.704,0.000,0.000,-1.136,-58.706,-2.906,1.136,0.000,-83.162,-61.611,10.250,19,379,0.000,,,,,"",""
,"AQ4 - Erlotinib","70","AQ4_model.1","17 Nov 13:29","17 Nov 13:29","","",,,,,,,"",,"","","",,,,"",,,"","","/Users/vishnu/glide-dock_SP_AQ4","glide-dock_SP_AQ4_pv.maegz",1,,"",,,"","glide-dock_SP_AQ4",,,,,,,,,,,,"COCCOc1cc2c(cc1OCCOC)ncnc2Nc3cccc(c3)C#C","InChI=1S/C22H23N3O4/c1-4-16-6-5-7-17(12-16)25-22-18-13-20(28-10-8-26-2)21(29-11-9-27-3)14-19(18)23-15-24-22/h1,5-7,12-15H,8-11H2,2-3H3,(H,23,24,25)","AAKJLRGGTJKAMG-UHFFFAOYSA-N","C22H23N3O4",false,0,"ligprep_AQ4.maegz",1,63125,"W0NIXSNDYzFbY0hdYyhbY0hdW2NIXVtjSF0xKVtOSF1jMm5bY0hdbmMoYzIzKVtjSF1jKE9bQ0gyXVtDSDJdT1tDSDNdKWMoW2NIXTMpT1tDSDJdW0NIMl1PW0NIM10=","J2VwaWtfcHl0aG9uJywgJy1waHQnLCAnMS4wJywgJy1waCcsICc3LjAnLCAnLXRuJywgJzgnLCAnLW1hJywgJzUwMCcsICctaW1hZScsICc8aW5maWxlLm1hZT4nLCAnLW9tYWUnLCAnPG91dGZpbGUubWFlPic=",1.000,0.0014,0.0000,0.0014,0.0000,0.000,0,0,0,"S-OPLS",38.203,true,"AQ4 - Erlotinib-1",,,,,,,,,,,"",,"glide-grid_3",1,11,-6.630,-0.229,-0.702,-1.518,-6.630,-2.828,-0.183,0.000,-1.177,-54.826,-5.579,1.136,0.000,-82.433,-60.405,5.938,26,236,0.000,,,,,"",""
,"2RGP - prepared","71","2rgp.1","17 Nov 13:33","17 Nov 18:12","STRUCTURE OF EGFR IN COMPLEX WITH HYDRAZONE, A POTENT DUAL INHIBITOR","2RGP",45.850,68.030,103.860,90.000,90.000,90.000,"P 21 21 21",4,"TRANSFERASE","04-OCT-07","3.30",0.228,0.268,2.000,"X-RAY DIFFRACTION",200.000,9.000,"A","1.000000 0.000000 0.000000   0.000000;0.000000 1.000000 0.000000   0.000000;0.000000 0.000000 1.000000   0.000000","/Users/vishnu/glide-dock_XP_AQ4","glide-dock_XP_AQ4_pv.maegz",1,,"",,,"","glide-dock_XP_AQ4",-7355.846,0.074,2.379,12.507,251.790,454.042,-325.568,-525.103,-7295.682,72.168,298.000,"","","","",,,"",,,"","",,,,,,,,,,"",,,"",100125,16.795,34.517,91.289,27.885,27.885,27.885,10.000,10.000,10.000,"glide",true,"",,,,,,,,,,,,,,,,,,,,,,,,,,"",""
,"AQ4 - Erlotinib","72","AQ4_model.1","17 Nov 13:33","17 Nov 18:12","","",,,,,,,"",,"","","",,,,"",,,"","","/Users/vishnu/glide-dock_XP_AQ4","glide-dock_XP_AQ4_pv.maegz",1,,"",,,"","glide-dock_XP_AQ4",,,,,,,,,,,,"COCCOc1cc2c(cc1OCCOC)ncnc2Nc3cccc(c3)C#C","InChI=1S/C22H23N3O4/c1-4-16-6-5-7-17(12-16)25-22-18-13-20(28-10-8-26-2)21(29-11-9-27-3)14-19(18)23-15-24-22/h1,5-7,12-15H,8-11H2,2-3H3,(H,23,24,25)","AAKJLRGGTJKAMG-UHFFFAOYSA-N","C22H23N3O4",false,0,"ligprep_AQ4.maegz",1,63125,"W0NIXSNDYzFbY0hdYyhbY0hdW2NIXVtjSF0xKVtOSF1jMm5bY0hdbmMoYzIzKVtjSF1jKE9bQ0gyXVtDSDJdT1tDSDNdKWMoW2NIXTMpT1tDSDJdW0NIMl1PW0NIM10=","J2VwaWtfcHl0aG9uJywgJy1waHQnLCAnMS4wJywgJy1waCcsICc3LjAnLCAnLXRuJywgJzgnLCAnLW1hJywgJzUwMCcsICctaW1hZScsICc8aW5maWxlLm1hZT4nLCAnLW9tYWUnLCAnPG91dGZpbGUubWFlPic=",1.000,0.0014,0.0000,0.0014,0.0000,0.000,0,0,0,"S-OPLS",38.203,true,"AQ4 - Erlotinib-1",,,,,,,,,,,"",,"glide-grid_3",1,11,-10.302,-0.355,-1.091,-2.359,-10.302,,,,,-54.901,-3.726,,,-91.032,-58.627,3.511,1,1,0.000,-10.302,-0.953,1,,"",""
,"AQ4 - Erlotinib","73","AQ4_model.1","17 Nov 13:33","17 Nov 18:13","","",,,,,,,"",,"","","",,,,"",,,"","","/Users/vishnu/glide-dock_XP_AQ4","glide-dock_XP_AQ4_pv.maegz",1,,"",,,"","glide-dock_XP_AQ4",,,,,,,,,,,,"COCCOc1cc2c(cc1OCCOC)ncnc2Nc3cccc(c3)C#C","InChI=1S/C22H23N3O4/c1-4-16-6-5-7-17(12-16)25-22-18-13-20(28-10-8-26-2)21(29-11-9-27-3)14-19(18)23-15-24-22/h1,5-7,12-15H,8-11H2,2-3H3,(H,23,24,25)","AAKJLRGGTJKAMG-UHFFFAOYSA-N","C22H23N3O4",false,0,"ligprep_AQ4.maegz",1,63125,"W0NIXSNDYzFbY0hdYyhbY0hdW2NIXVtjSF0xKVtOSF1jMm5bY0hdbmMoYzIzKVtjSF1jKE9bQ0gyXVtDSDJdT1tDSDNdKWMoW2NIXTMpT1tDSDJdW0NIMl1PW0NIM10=","J2VwaWtfcHl0aG9uJywgJy1waHQnLCAnMS4wJywgJy1waCcsICc3LjAnLCAnLXRuJywgJzgnLCAnLW1hJywgJzUwMCcsICctaW1hZScsICc8aW5maWxlLm1hZT4nLCAnLW9tYWUnLCAnPG91dGZpbGUubWFlPic=",1.000,0.0014,0.0000,0.0014,0.0000,0.000,0,0,0,"S-OPLS",38.203,true,"AQ4 - Erlotinib-1",,,,,,,,,,,"",,"glide-grid_3",1,11,-8.927,-0.308,-0.946,-2.044,-8.927,,,,,-57.882,-2.758,,,-87.906,-60.640,2.935,1,4,0.000,-8.927,-0.953,2,,"",""
,"AQ4 - Erlotinib","74","AQ4_model.1","17 Nov 13:33","17 Nov 13:33","","",,,,,,,"",,"","","",,,,"",,,"","","/Users/vishnu/glide-dock_XP_AQ4","glide-dock_XP_AQ4_pv.maegz",1,,"",,,"","glide-dock_XP_AQ4",,,,,,,,,,,,"COCCOc1cc2c(cc1OCCOC)ncnc2Nc3cccc(c3)C#C","InChI=1S/C22H23N3O4/c1-4-16-6-5-7-17(12-16)25-22-18-13-20(28-10-8-26-2)21(29-11-9-27-3)14-19(18)23-15-24-22/h1,5-7,12-15H,8-11H2,2-3H3,(H,23,24,25)","AAKJLRGGTJKAMG-UHFFFAOYSA-N","C22H23N3O4",false,0,"ligprep_AQ4.maegz",1,63125,"W0NIXSNDYzFbY0hdYyhbY0hdW2NIXVtjSF0xKVtOSF1jMm5bY0hdbmMoYzIzKVtjSF1jKE9bQ0gyXVtDSDJdT1tDSDNdKWMoW2NIXTMpT1tDSDJdW0NIMl1PW0NIM10=","J2VwaWtfcHl0aG9uJywgJy1waHQnLCAnMS4wJywgJy1waCcsICc3LjAnLCAnLXRuJywgJzgnLCAnLW1hJywgJzUwMCcsICctaW1hZScsICc8aW5maWxlLm1hZT4nLCAnLW9tYWUnLCAnPG91dGZpbGUubWFlPic=",1.000,0.0014,0.0000,0.0014,0.0000,0.000,0,0,0,"S-OPLS",38.203,true,"AQ4 - Erlotinib-1",,,,,,,,,,,"",,"glide-grid_3",1,11,-8.353,-0.288,-0.885,-1.913,-8.353,,,,,-55.111,-3.877,,,-86.156,-58.987,10.904,1,2,0.000,-8.353,-0.953,3,,"",""
,"AQ4 - Erlotinib","75","AQ4_model.1","17 Nov 13:33","17 Nov 13:33","","",,,,,,,"",,"","","",,,,"",,,"","","/Users/vishnu/glide-dock_XP_AQ4","glide-dock_XP_AQ4_pv.maegz",1,,"",,,"","glide-dock_XP_AQ4",,,,,,,,,,,,"COCCOc1cc2c(cc1OCCOC)ncnc2Nc3cccc(c3)C#C","InChI=1S/C22H23N3O4/c1-4-16-6-5-7-17(12-16)25-22-18-13-20(28-10-8-26-2)21(29-11-9-27-3)14-19(18)23-15-24-22/h1,5-7,12-15H,8-11H2,2-3H3,(H,23,24,25)","AAKJLRGGTJKAMG-UHFFFAOYSA-N","C22H23N3O4",false,0,"ligprep_AQ4.maegz",1,63125,"W0NIXSNDYzFbY0hdYyhbY0hdW2NIXVtjSF0xKVtOSF1jMm5bY0hdbmMoYzIzKVtjSF1jKE9bQ0gyXVtDSDJdT1tDSDNdKWMoW2NIXTMpT1tDSDJdW0NIMl1PW0NIM10=","J2VwaWtfcHl0aG9uJywgJy1waHQnLCAnMS4wJywgJy1waCcsICc3LjAnLCAnLXRuJywgJzgnLCAnLW1hJywgJzUwMCcsICctaW1hZScsICc8aW5maWxlLm1hZT4nLCAnLW9tYWUnLCAnPG91dGZpbGUubWFlPic=",1.000,0.0014,0.0000,0.0014,0.0000,0.000,0,0,0,"S-OPLS",38.203,true,"AQ4 - Erlotinib-1",,,,,,,,,,,"",,"glide-grid_3",1,11,-8.135,-0.281,-0.862,-1.863,-8.135,,,,,-58.259,-3.774,,,-85.481,-62.033,10.517,1,5,0.000,-8.135,-0.953,4,,"",""
,"AQ4 - Erlotinib","76","AQ4_model.1","17 Nov 13:33","17 Nov 14:02","","",,,,,,,"",,"","","",,,,"",,,"","","/Users/vishnu/glide-dock_XP_AQ4","glide-dock_XP_AQ4_pv.maegz",1,,"",,,"","glide-dock_XP_AQ4",,,,,,,,,,,,"COCCOc1cc2c(cc1OCCOC)ncnc2Nc3cccc(c3)C#C","InChI=1S/C22H23N3O4/c1-4-16-6-5-7-17(12-16)25-22-18-13-20(28-10-8-26-2)21(29-11-9-27-3)14-19(18)23-15-24-22/h1,5-7,12-15H,8-11H2,2-3H3,(H,23,24,25)","AAKJLRGGTJKAMG-UHFFFAOYSA-N","C22H23N3O4",false,0,"ligprep_AQ4.maegz",1,63125,"W0NIXSNDYzFbY0hdYyhbY0hdW2NIXVtjSF0xKVtOSF1jMm5bY0hdbmMoYzIzKVtjSF1jKE9bQ0gyXVtDSDJdT1tDSDNdKWMoW2NIXTMpT1tDSDJdW0NIMl1PW0NIM10=","J2VwaWtfcHl0aG9uJywgJy1waHQnLCAnMS4wJywgJy1waCcsICc3LjAnLCAnLXRuJywgJzgnLCAnLW1hJywgJzUwMCcsICctaW1hZScsICc8aW5maWxlLm1hZT4nLCAnLW9tYWUnLCAnPG91dGZpbGUubWFlPic=",1.000,0.0014,0.0000,0.0014,0.0000,0.000,0,0,0,"S-OPLS",38.203,true,"AQ4 - Erlotinib-1",,,,,,,,,,,"",,"glide-grid_3",1,11,-7.806,-0.269,-0.827,-1.787,-7.806,,,,,-57.700,-3.590,,,-88.102,-61.289,10.629,1,3,0.000,-7.806,-0.953,5,,"",""
,"0WN","77","0WN_model.1","17 Nov 14:02","17 Nov 14:04","","",,,,,,,"",,"","","",,,,"",,,"","","/Users/vishnu/Downloads","0WN_model.sdf",1,,"",,,"","",,,,,,,,,,,,"CN(C)CCCC(=O)Nc1cc2c(cc1O[C@H]3CCOC3)ncnc2Nc4ccc(c(c4)Cl)F","InChI=1S/C24H27ClFN5O3/c1-31(2)8-3-4-23(32)30-21-11-17-20(12-22(21)34-16-7-9-33-13-16)27-14-28-24(17)29-15-5-6-19(26)18(25)10-15/h5-6,10-12,14,16H,3-4,7-9,13H2,1-2H3,(H,30,32)(H,27,28,29)/t16-/m0/s1","JSENTLOBWVHLNR-INIZCTEOSA-N","C24H27ClFN5O3",true,0,"",,,"","",,,,,,,,,,"",,,"",,,,,,,,,,,"",,"",,,,,,,,,,,,,,,,,,,,,,,,,,"",""
,"0WN","78","0WN_model.1","17 Nov 14:04","17 Nov 18:14","","",,,,,,,"",,"","","",,,,"",,,"","","/Users/vishnu/ligprep_0WN","ligprep_0WN-out.maegz",1,,"",,,"","ligprep_0WN",,,,,,,,,,,,"CN(C)CCCC(=O)Nc1cc2c(cc1O[C@H]3CCOC3)ncnc2Nc4ccc(c(c4)Cl)F","InChI=1S/C24H27ClFN5O3/c1-31(2)8-3-4-23(32)30-21-11-17-20(12-22(21)34-16-7-9-33-13-16)27-14-28-24(17)29-15-5-6-19(26)18(25)10-15/h5-6,10-12,14,16H,3-4,7-9,13H2,1-2H3,(H,30,32)(H,27,28,29)/t16-/m0/s1","JSENTLOBWVHLNR-INIZCTEOSA-N","C24H27ClFN5O3",true,0,"ligprep_0WN.maegz",1,63125,"Q2xjMWMoRilbY0hdW2NIXWMoW2NIXTEpW05IXWMobltjSF1uMiljKGMyMylbY0hdYyhjKFtjSF0zKU9bQ0BASF00W0NIMl1PW0NIMl1bQ0gyXTQpW05IXUMoPU8pW0NIMl1bQ0gyXVtDSDJdTihbQ0gzXSlbQ0gzXQ==","J2VwaWtfcHl0aG9uJywgJy1waHQnLCAnMS4wJywgJy1waCcsICc3LjAnLCAnLXRuJywgJzgnLCAnLW1hJywgJzUwMCcsICctaW1hZScsICc8aW5maWxlLm1hZT4nLCAnLW9tYWUnLCAnPG91dGZpbGUubWFlPic=",1.000,0.0048,0.0030,0.0018,0.0030,0.006,1,1,0,"S-OPLS",51.690,true,"0WN-1",,,,,,,,,,,"",,"",,,,,,,,,,,,,,,,,,,,,,,,,,"",""
,"2RGP - prepared","79","2rgp.1","17 Nov 14:07","17 Nov 14:07","STRUCTURE OF EGFR IN COMPLEX WITH HYDRAZONE, A POTENT DUAL INHIBITOR","2RGP",45.850,68.030,103.860,90.000,90.000,90.000,"P 21 21 21",4,"TRANSFERASE","04-OCT-07","3.30",0.228,0.268,2.000,"X-RAY DIFFRACTION",200.000,9.000,"A","1.000000 0.000000 0.000000   0.000000;0.000000 1.000000 0.000000   0.000000;0.000000 0.000000 1.000000   0.000000","/Users/vishnu/glide-dock_SP_0WN","glide-dock_SP_0WN_pv.maegz",1,,"",,,"","glide-dock_SP_0WN",-7355.846,0.074,2.379,12.507,251.790,454.042,-325.568,-525.103,-7295.682,72.168,298.000,"","","","",,,"",,,"","",,,,,,,,,,"",,,"",100125,16.795,34.517,91.289,27.885,27.885,27.885,10.000,10.000,10.000,"glide",true,"",,,,,,,,,,,,,,,,,,,,,,,,,,"",""
,"0WN","80","0WN_model.1","17 Nov 14:07","17 Nov 14:07","","",,,,,,,"",,"","","",,,,"",,,"","","/Users/vishnu/glide-dock_SP_0WN","glide-dock_SP_0WN_pv.maegz",1,,"",,,"","glide-dock_SP_0WN",,,,,,,,,,,,"CN(C)CCCC(=O)Nc1cc2c(cc1O[C@H]3CCOC3)ncnc2Nc4ccc(c(c4)Cl)F","InChI=1S/C24H27ClFN5O3/c1-31(2)8-3-4-23(32)30-21-11-17-20(12-22(21)34-16-7-9-33-13-16)27-14-28-24(17)29-15-5-6-19(26)18(25)10-15/h5-6,10-12,14,16H,3-4,7-9,13H2,1-2H3,(H,30,32)(H,27,28,29)/t16-/m0/s1","JSENTLOBWVHLNR-INIZCTEOSA-N","C24H27ClFN5O3",true,0,"ligprep_0WN.maegz",1,63125,"Q2xjMWMoRilbY0hdW2NIXWMoW2NIXTEpW05IXWMobltjSF1uMiljKGMyMylbY0hdYyhjKFtjSF0zKU9bQ0BASF00W0NIMl1PW0NIMl1bQ0gyXTQpW05IXUMoPU8pW0NIMl1bQ0gyXVtDSDJdTihbQ0gzXSlbQ0gzXQ==","J2VwaWtfcHl0aG9uJywgJy1waHQnLCAnMS4wJywgJy1waCcsICc3LjAnLCAnLXRuJywgJzgnLCAnLW1hJywgJzUwMCcsICctaW1hZScsICc8aW5maWxlLm1hZT4nLCAnLW9tYWUnLCAnPG91dGZpbGUubWFlPic=",1.000,0.0048,0.0030,0.0018,0.0030,0.006,1,1,0,"S-OPLS",51.690,true,"0WN-1",,,,,,,,,,,"",,"glide-grid_3",1,10,-8.022,-0.236,-0.764,-1.772,-8.025,-3.852,-0.200,0.000,-0.963,-54.536,-6.318,0.766,-0.100,-88.469,-60.854,12.311,327,11,0.003,,,,,"",""
,"0WN","81","0WN_model.1","17 Nov 14:07","17 Nov 14:07","","",,,,,,,"",,"","","",,,,"",,,"","","/Users/vishnu/glide-dock_SP_0WN","glide-dock_SP_0WN_pv.maegz",1,,"",,,"","glide-dock_SP_0WN",,,,,,,,,,,,"CN(C)CCCC(=O)Nc1cc2c(cc1O[C@H]3CCOC3)ncnc2Nc4ccc(c(c4)Cl)F","InChI=1S/C24H27ClFN5O3/c1-31(2)8-3-4-23(32)30-21-11-17-20(12-22(21)34-16-7-9-33-13-16)27-14-28-24(17)29-15-5-6-19(26)18(25)10-15/h5-6,10-12,14,16H,3-4,7-9,13H2,1-2H3,(H,30,32)(H,27,28,29)/t16-/m0/s1","JSENTLOBWVHLNR-INIZCTEOSA-N","C24H27ClFN5O3",true,0,"ligprep_0WN.maegz",1,63125,"Q2xjMWMoRilbY0hdW2NIXWMoW2NIXTEpW05IXWMobltjSF1uMiljKGMyMylbY0hdYyhjKFtjSF0zKU9bQ0BASF00W0NIMl1PW0NIMl1bQ0gyXTQpW05IXUMoPU8pW0NIMl1bQ0gyXVtDSDJdTihbQ0gzXSlbQ0gzXQ==","J2VwaWtfcHl0aG9uJywgJy1waHQnLCAnMS4wJywgJy1waCcsICc3LjAnLCAnLXRuJywgJzgnLCAnLW1hJywgJzUwMCcsICctaW1hZScsICc8aW5maWxlLm1hZT4nLCAnLW9tYWUnLCAnPG91dGZpbGUubWFlPic=",1.000,0.0048,0.0030,0.0018,0.0030,0.006,1,1,0,"S-OPLS",51.690,true,"0WN-1",,,,,,,,,,,"",,"glide-grid_3",1,10,-7.465,-0.220,-0.711,-1.649,-7.468,-3.457,-0.344,0.000,-0.917,-57.268,-3.688,0.766,-0.100,-86.875,-60.956,10.983,434,353,0.003,,,,,"",""
,"0WN","82","0WN_model.1","17 Nov 14:07","17 Nov 14:07","","",,,,,,,"",,"","","",,,,"",,,"","","/Users/vishnu/glide-dock_SP_0WN","glide-dock_SP_0WN_pv.maegz",1,,"",,,"","glide-dock_SP_0WN",,,,,,,,,,,,"CN(C)CCCC(=O)Nc1cc2c(cc1O[C@H]3CCOC3)ncnc2Nc4ccc(c(c4)Cl)F","InChI=1S/C24H27ClFN5O3/c1-31(2)8-3-4-23(32)30-21-11-17-20(12-22(21)34-16-7-9-33-13-16)27-14-28-24(17)29-15-5-6-19(26)18(25)10-15/h5-6,10-12,14,16H,3-4,7-9,13H2,1-2H3,(H,30,32)(H,27,28,29)/t16-/m0/s1","JSENTLOBWVHLNR-INIZCTEOSA-N","C24H27ClFN5O3",true,0,"ligprep_0WN.maegz",1,63125,"Q2xjMWMoRilbY0hdW2NIXWMoW2NIXTEpW05IXWMobltjSF1uMiljKGMyMylbY0hdYyhjKFtjSF0zKU9bQ0BASF00W0NIMl1PW0NIMl1bQ0gyXTQpW05IXUMoPU8pW0NIMl1bQ0gyXVtDSDJdTihbQ0gzXSlbQ0gzXQ==","J2VwaWtfcHl0aG9uJywgJy1waHQnLCAnMS4wJywgJy1waCcsICc3LjAnLCAnLXRuJywgJzgnLCAnLW1hJywgJzUwMCcsICctaW1hZScsICc8aW5maWxlLm1hZT4nLCAnLW9tYWUnLCAnPG91dGZpbGUubWFlPic=",1.000,0.0048,0.0030,0.0018,0.0030,0.006,1,1,0,"S-OPLS",51.690,true,"0WN-1",,,,,,,,,,,"",,"glide-grid_3",1,10,-7.411,-0.218,-0.706,-1.637,-7.414,-3.464,-0.200,0.000,-0.927,-55.755,-4.675,0.766,-0.100,-86.426,-60.430,10.401,434,320,0.003,,,,,"",""
,"0WN","83","0WN_model.1","17 Nov 14:07","17 Nov 14:07","","",,,,,,,"",,"","","",,,,"",,,"","","/Users/vishnu/glide-dock_SP_0WN","glide-dock_SP_0WN_pv.maegz",1,,"",,,"","glide-dock_SP_0WN",,,,,,,,,,,,"CN(C)CCCC(=O)Nc1cc2c(cc1O[C@H]3CCOC3)ncnc2Nc4ccc(c(c4)Cl)F","InChI=1S/C24H27ClFN5O3/c1-31(2)8-3-4-23(32)30-21-11-17-20(12-22(21)34-16-7-9-33-13-16)27-14-28-24(17)29-15-5-6-19(26)18(25)10-15/h5-6,10-12,14,16H,3-4,7-9,13H2,1-2H3,(H,30,32)(H,27,28,29)/t16-/m0/s1","JSENTLOBWVHLNR-INIZCTEOSA-N","C24H27ClFN5O3",true,0,"ligprep_0WN.maegz",1,63125,"Q2xjMWMoRilbY0hdW2NIXWMoW2NIXTEpW05IXWMobltjSF1uMiljKGMyMylbY0hdYyhjKFtjSF0zKU9bQ0BASF00W0NIMl1PW0NIMl1bQ0gyXTQpW05IXUMoPU8pW0NIMl1bQ0gyXVtDSDJdTihbQ0gzXSlbQ0gzXQ==","J2VwaWtfcHl0aG9uJywgJy1waHQnLCAnMS4wJywgJy1waCcsICc3LjAnLCAnLXRuJywgJzgnLCAnLW1hJywgJzUwMCcsICctaW1hZScsICc8aW5maWxlLm1hZT4nLCAnLW9tYWUnLCAnPG91dGZpbGUubWFlPic=",1.000,0.0048,0.0030,0.0018,0.0030,0.006,1,1,0,"S-OPLS",51.690,true,"0WN-1",,,,,,,,,,,"",,"glide-grid_3",1,10,-7.245,-0.213,-0.690,-1.601,-7.248,-3.471,-0.200,0.000,-0.885,-57.719,-3.146,0.766,-0.100,-86.573,-60.865,9.427,434,382,0.003,,,,,"",""
,"0WN","84","0WN_model.1","17 Nov 14:07","17 Nov 14:07","","",,,,,,,"",,"","","",,,,"",,,"","","/Users/vishnu/glide-dock_SP_0WN","glide-dock_SP_0WN_pv.maegz",1,,"",,,"","glide-dock_SP_0WN",,,,,,,,,,,,"CN(C)CCCC(=O)Nc1cc2c(cc1O[C@H]3CCOC3)ncnc2Nc4ccc(c(c4)Cl)F","InChI=1S/C24H27ClFN5O3/c1-31(2)8-3-4-23(32)30-21-11-17-20(12-22(21)34-16-7-9-33-13-16)27-14-28-24(17)29-15-5-6-19(26)18(25)10-15/h5-6,10-12,14,16H,3-4,7-9,13H2,1-2H3,(H,30,32)(H,27,28,29)/t16-/m0/s1","JSENTLOBWVHLNR-INIZCTEOSA-N","C24H27ClFN5O3",true,0,"ligprep_0WN.maegz",1,63125,"Q2xjMWMoRilbY0hdW2NIXWMoW2NIXTEpW05IXWMobltjSF1uMiljKGMyMylbY0hdYyhjKFtjSF0zKU9bQ0BASF00W0NIMl1PW0NIMl1bQ0gyXTQpW05IXUMoPU8pW0NIMl1bQ0gyXVtDSDJdTihbQ0gzXSlbQ0gzXQ==","J2VwaWtfcHl0aG9uJywgJy1waHQnLCAnMS4wJywgJy1waCcsICc3LjAnLCAnLXRuJywgJzgnLCAnLW1hJywgJzUwMCcsICctaW1hZScsICc8aW5maWxlLm1hZT4nLCAnLW9tYWUnLCAnPG91dGZpbGUubWFlPic=",1.000,0.0048,0.0030,0.0018,0.0030,0.006,1,1,0,"S-OPLS",51.690,true,"0WN-1",,,,,,,,,,,"",,"glide-grid_3",1,10,-7.108,-0.209,-0.677,-1.570,-7.111,-3.348,-0.200,0.000,-0.880,-54.795,-4.062,0.766,-0.100,-82.631,-58.857,12.273,397,279,0.003,,,,,"",""
,"2RGP - prepared","85","2rgp.1","17 Nov 14:14","17 Nov 18:14","STRUCTURE OF EGFR IN COMPLEX WITH HYDRAZONE, A POTENT DUAL INHIBITOR","2RGP",45.850,68.030,103.860,90.000,90.000,90.000,"P 21 21 21",4,"TRANSFERASE","04-OCT-07","3.30",0.228,0.268,2.000,"X-RAY DIFFRACTION",200.000,9.000,"A","1.000000 0.000000 0.000000   0.000000;0.000000 1.000000 0.000000   0.000000;0.000000 0.000000 1.000000   0.000000","/Users/vishnu/glide-dock_XP_0WN","glide-dock_XP_0WN_pv.maegz",1,,"",,,"","glide-dock_XP_0WN",-7355.846,0.074,2.379,12.507,251.790,454.042,-325.568,-525.103,-7295.682,72.168,298.000,"","","","",,,"",,,"","",,,,,,,,,,"",,,"",100125,16.795,34.517,91.289,27.885,27.885,27.885,10.000,10.000,10.000,"glide",true,"",,,,,,,,,,,,,,,,,,,,,,,,,,"",""
,"0WN","86","0WN_model.1","17 Nov 14:14","17 Nov 17:43","","",,,,,,,"",,"","","",,,,"",,,"","","/Users/vishnu/glide-dock_XP_0WN","glide-dock_XP_0WN_pv.maegz",1,,"",,,"","glide-dock_XP_0WN",,,,,,,,,,,,"CN(C)CCCC(=O)Nc1cc2c(cc1O[C@H]3CCOC3)ncnc2Nc4ccc(c(c4)Cl)F","InChI=1S/C24H27ClFN5O3/c1-31(2)8-3-4-23(32)30-21-11-17-20(12-22(21)34-16-7-9-33-13-16)27-14-28-24(17)29-15-5-6-19(26)18(25)10-15/h5-6,10-12,14,16H,3-4,7-9,13H2,1-2H3,(H,30,32)(H,27,28,29)/t16-/m0/s1","JSENTLOBWVHLNR-INIZCTEOSA-N","C24H27ClFN5O3",true,0,"ligprep_0WN.maegz",1,63125,"Q2xjMWMoRilbY0hdW2NIXWMoW2NIXTEpW05IXWMobltjSF1uMiljKGMyMylbY0hdYyhjKFtjSF0zKU9bQ0BASF00W0NIMl1PW0NIMl1bQ0gyXTQpW05IXUMoPU8pW0NIMl1bQ0gyXVtDSDJdTihbQ0gzXSlbQ0gzXQ==","J2VwaWtfcHl0aG9uJywgJy1waHQnLCAnMS4wJywgJy1waCcsICc3LjAnLCAnLXRuJywgJzgnLCAnLW1hJywgJzUwMCcsICctaW1hZScsICc8aW5maWxlLm1hZT4nLCAnLW9tYWUnLCAnPG91dGZpbGUubWFlPic=",1.000,0.0048,0.0030,0.0018,0.0030,0.006,1,1,0,"S-OPLS",51.690,true,"0WN-1",,,,,,,,,,,"",,"glide-grid_3",1,10,-9.484,-0.279,-0.904,-2.095,-9.487,,,,,-64.806,-8.875,,,-79.108,-73.681,23.107,1,22,0.003,-9.487,-0.900,1,,"",""
,"0WN","87","0WN_model.1","17 Nov 14:14","17 Nov 17:43","","",,,,,,,"",,"","","",,,,"",,,"","","/Users/vishnu/glide-dock_XP_0WN","glide-dock_XP_0WN_pv.maegz",1,,"",,,"","glide-dock_XP_0WN",,,,,,,,,,,,"CN(C)CCCC(=O)Nc1cc2c(cc1O[C@H]3CCOC3)ncnc2Nc4ccc(c(c4)Cl)F","InChI=1S/C24H27ClFN5O3/c1-31(2)8-3-4-23(32)30-21-11-17-20(12-22(21)34-16-7-9-33-13-16)27-14-28-24(17)29-15-5-6-19(26)18(25)10-15/h5-6,10-12,14,16H,3-4,7-9,13H2,1-2H3,(H,30,32)(H,27,28,29)/t16-/m0/s1","JSENTLOBWVHLNR-INIZCTEOSA-N","C24H27ClFN5O3",true,0,"ligprep_0WN.maegz",1,63125,"Q2xjMWMoRilbY0hdW2NIXWMoW2NIXTEpW05IXWMobltjSF1uMiljKGMyMylbY0hdYyhjKFtjSF0zKU9bQ0BASF00W0NIMl1PW0NIMl1bQ0gyXTQpW05IXUMoPU8pW0NIMl1bQ0gyXVtDSDJdTihbQ0gzXSlbQ0gzXQ==","J2VwaWtfcHl0aG9uJywgJy1waHQnLCAnMS4wJywgJy1waCcsICc3LjAnLCAnLXRuJywgJzgnLCAnLW1hJywgJzUwMCcsICctaW1hZScsICc8aW5maWxlLm1hZT4nLCAnLW9tYWUnLCAnPG91dGZpbGUubWFlPic=",1.000,0.0048,0.0030,0.0018,0.0030,0.006,1,1,0,"S-OPLS",51.690,true,"0WN-1",,,,,,,,,,,"",,"glide-grid_3",1,10,-7.421,-0.218,-0.707,-1.639,-7.424,,,,,-55.977,-7.281,,,-79.387,-63.258,10.813,1,32,0.003,-7.424,-0.900,2,,"",""
,"0WN","88","0WN_model.1","17 Nov 14:14","17 Nov 15:10","","",,,,,,,"",,"","","",,,,"",,,"","","/Users/vishnu/glide-dock_XP_0WN","glide-dock_XP_0WN_pv.maegz",1,,"",,,"","glide-dock_XP_0WN",,,,,,,,,,,,"CN(C)CCCC(=O)Nc1cc2c(cc1O[C@H]3CCOC3)ncnc2Nc4ccc(c(c4)Cl)F","InChI=1S/C24H27ClFN5O3/c1-31(2)8-3-4-23(32)30-21-11-17-20(12-22(21)34-16-7-9-33-13-16)27-14-28-24(17)29-15-5-6-19(26)18(25)10-15/h5-6,10-12,14,16H,3-4,7-9,13H2,1-2H3,(H,30,32)(H,27,28,29)/t16-/m0/s1","JSENTLOBWVHLNR-INIZCTEOSA-N","C24H27ClFN5O3",true,0,"ligprep_0WN.maegz",1,63125,"Q2xjMWMoRilbY0hdW2NIXWMoW2NIXTEpW05IXWMobltjSF1uMiljKGMyMylbY0hdYyhjKFtjSF0zKU9bQ0BASF00W0NIMl1PW0NIMl1bQ0gyXTQpW05IXUMoPU8pW0NIMl1bQ0gyXVtDSDJdTihbQ0gzXSlbQ0gzXQ==","J2VwaWtfcHl0aG9uJywgJy1waHQnLCAnMS4wJywgJy1waCcsICc3LjAnLCAnLXRuJywgJzgnLCAnLW1hJywgJzUwMCcsICctaW1hZScsICc8aW5maWxlLm1hZT4nLCAnLW9tYWUnLCAnPG91dGZpbGUubWFlPic=",1.000,0.0048,0.0030,0.0018,0.0030,0.006,1,1,0,"S-OPLS",51.690,true,"0WN-1",,,,,,,,,,,"",,"glide-grid_3",1,10,-6.655,-0.196,-0.634,-1.470,-6.658,,,,,-58.570,-5.512,,,-88.928,-64.082,15.397,1,41,0.003,-6.658,-0.900,3,,"",""
,"0WN","89","0WN_model.1","17 Nov 14:14","17 Nov 15:10","","",,,,,,,"",,"","","",,,,"",,,"","","/Users/vishnu/glide-dock_XP_0WN","glide-dock_XP_0WN_pv.maegz",1,,"",,,"","glide-dock_XP_0WN",,,,,,,,,,,,"CN(C)CCCC(=O)Nc1cc2c(cc1O[C@H]3CCOC3)ncnc2Nc4ccc(c(c4)Cl)F","InChI=1S/C24H27ClFN5O3/c1-31(2)8-3-4-23(32)30-21-11-17-20(12-22(21)34-16-7-9-33-13-16)27-14-28-24(17)29-15-5-6-19(26)18(25)10-15/h5-6,10-12,14,16H,3-4,7-9,13H2,1-2H3,(H,30,32)(H,27,28,29)/t16-/m0/s1","JSENTLOBWVHLNR-INIZCTEOSA-N","C24H27ClFN5O3",true,0,"ligprep_0WN.maegz",1,63125,"Q2xjMWMoRilbY0hdW2NIXWMoW2NIXTEpW05IXWMobltjSF1uMiljKGMyMylbY0hdYyhjKFtjSF0zKU9bQ0BASF00W0NIMl1PW0NIMl1bQ0gyXTQpW05IXUMoPU8pW0NIMl1bQ0gyXVtDSDJdTihbQ0gzXSlbQ0gzXQ==","J2VwaWtfcHl0aG9uJywgJy1waHQnLCAnMS4wJywgJy1waCcsICc3LjAnLCAnLXRuJywgJzgnLCAnLW1hJywgJzUwMCcsICctaW1hZScsICc8aW5maWxlLm1hZT4nLCAnLW9tYWUnLCAnPG91dGZpbGUubWFlPic=",1.000,0.0048,0.0030,0.0018,0.0030,0.006,1,1,0,"S-OPLS",51.690,true,"0WN-1",,,,,,,,,,,"",,"glide-grid_3",1,10,-6.272,-0.184,-0.598,-1.386,-6.275,,,,,-65.164,-5.173,,,-79.457,-70.337,22.559,1,1,0.003,-6.275,-0.900,4,,"",""
,"0WN","90","0WN_model.1","17 Nov 14:14","17 Nov 15:10","","",,,,,,,"",,"","","",,,,"",,,"","","/Users/vishnu/glide-dock_XP_0WN","glide-dock_XP_0WN_pv.maegz",1,,"",,,"","glide-dock_XP_0WN",,,,,,,,,,,,"CN(C)CCCC(=O)Nc1cc2c(cc1O[C@H]3CCOC3)ncnc2Nc4ccc(c(c4)Cl)F","InChI=1S/C24H27ClFN5O3/c1-31(2)8-3-4-23(32)30-21-11-17-20(12-22(21)34-16-7-9-33-13-16)27-14-28-24(17)29-15-5-6-19(26)18(25)10-15/h5-6,10-12,14,16H,3-4,7-9,13H2,1-2H3,(H,30,32)(H,27,28,29)/t16-/m0/s1","JSENTLOBWVHLNR-INIZCTEOSA-N","C24H27ClFN5O3",true,0,"ligprep_0WN.maegz",1,63125,"Q2xjMWMoRilbY0hdW2NIXWMoW2NIXTEpW05IXWMobltjSF1uMiljKGMyMylbY0hdYyhjKFtjSF0zKU9bQ0BASF00W0NIMl1PW0NIMl1bQ0gyXTQpW05IXUMoPU8pW0NIMl1bQ0gyXVtDSDJdTihbQ0gzXSlbQ0gzXQ==","J2VwaWtfcHl0aG9uJywgJy1waHQnLCAnMS4wJywgJy1waCcsICc3LjAnLCAnLXRuJywgJzgnLCAnLW1hJywgJzUwMCcsICctaW1hZScsICc8aW5maWxlLm1hZT4nLCAnLW9tYWUnLCAnPG91dGZpbGUubWFlPic=",1.000,0.0048,0.0030,0.0018,0.0030,0.006,1,1,0,"S-OPLS",51.690,true,"0WN-1",,,,,,,,,,,"",,"glide-grid_3",1,10,-6.187,-0.182,-0.590,-1.367,-6.190,,,,,-64.642,-7.895,,,-77.918,-72.538,27.832,1,19,0.003,-6.190,-0.900,5,,"",""
